school,gp,w,l,srs,sos,aw,al,tm_pts,opp_pts,mp,fga,fg_pct,tpa,tp_pct,fta,ft_pct,orb,trb,ast,stl,blk,to,pf
Abilene Christian,32,16,16,-9.14,-6.82,6,9,2359,2279,1290,1874,0.464,656,0.325,579,0.701,305,1093,482,260,128,461,671
Air Force,31,12,19,-4.31,1.72,3,10,2124,2244,1245,1751,0.419,755,0.331,556,0.734,302,1014,445,201,78,391,557
Akron,32,14,18,-6.82,-1.92,2,10,2296,2411,1295,1824,0.435,851,0.358,582,0.696,300,1071,418,189,81,440,637
Alabama A&M,31,3,28,-23.97,-8.04,1,18,1873,2367,1245,1697,0.397,601,0.303,533,0.647,328,1046,340,123,49,514,506
Alabama-Birmingham,33,20,13,4.9,-0.65,5,6,2536,2303,1330,1937,0.488,646,0.345,564,0.75,332,1255,560,178,127,437,490
Alabama State,31,8,23,-18.55,-8.62,4,13,2129,2437,1245,1839,0.408,638,0.328,647,0.646,394,1131,313,169,130,437,648
Alabama,36,20,16,12.34,10.64,2,8,2604,2543,1440,1975,0.461,702,0.326,828,0.67,358,1290,458,228,192,513,676
Albany (NY),32,22,10,0.01,-5.41,8,7,2375,2182,1280,1836,0.457,502,0.367,680,0.754,377,1191,405,150,91,371,528
Alcorn State,32,11,21,-18.07,-8.6,2,16,2244,2388,1285,1824,0.434,697,0.343,598,0.707,304,1104,419,200,85,459,613
American,30,6,24,-14.63,-6.17,2,16,1961,2215,1205,1615,0.432,709,0.337,491,0.664,238,869,367,217,98,413,550
Appalachian State,33,15,18,-4.81,-2.65,4,11,2520,2448,1340,1983,0.436,859,0.34,749,0.668,389,1292,411,198,117,457,627
Arizona State,32,20,12,14.37,6.56,4,6,2645,2395,1290,1920,0.463,793,0.363,793,0.733,315,1126,458,209,114,343,604
Arizona,35,27,8,15.67,6.84,8,3,2818,2509,1420,2003,0.504,642,0.369,741,0.76,352,1277,531,173,158,426,603
Little Rock,32,7,25,-10.44,-2.21,2,14,2038,2242,1300,1756,0.427,623,0.321,554,0.61,322,1089,391,159,93,459,612
Arkansas-Pine Bluff,35,14,21,-14.84,-9.36,6,13,2307,2499,1410,1863,0.437,660,0.329,681,0.675,277,1024,427,275,144,500,684
Arkansas State,32,11,21,-9.65,-3.02,4,13,2369,2523,1290,1910,0.44,695,0.34,628,0.718,354,1072,344,215,95,419,589
Arkansas,35,23,12,14.76,9.85,3,7,2819,2647,1415,2119,0.474,681,0.395,793,0.681,350,1208,501,218,163,381,700
Army,30,13,17,-8.62,-7.17,4,12,2230,2223,1205,1845,0.444,771,0.383,448,0.658,300,1073,501,170,83,403,593
Auburn,34,26,8,15.97,7.29,7,4,2783,2488,1360,2102,0.431,908,0.357,836,0.774,403,1290,481,252,180,411,672
Austin Peay,34,19,15,-3.28,-2.49,5,9,2512,2446,1370,2012,0.455,592,0.341,737,0.651,443,1209,453,225,103,478,671
Ball State,32,19,13,-1.22,-1.99,5,10,2410,2362,1295,1895,0.452,727,0.337,643,0.705,318,1210,453,170,112,423,547
Baylor,34,19,15,14.59,9.17,2,9,2571,2369,1375,2007,0.469,608,0.357,640,0.734,400,1292,516,185,152,463,608
Belmont,33,24,9,5.54,-2.88,9,6,2562,2284,1320,1853,0.486,1005,0.376,517,0.739,258,1133,529,161,82,410,531
Bethune-Cookman,32,18,14,-12.21,-12.48,8,10,2621,2543,1290,2039,0.443,759,0.318,820,0.701,424,1346,501,202,123,507,670
Binghamton,31,11,20,-10.29,-6.36,3,12,2147,2181,1245,1775,0.443,671,0.35,528,0.64,283,1066,376,170,131,381,522
Boise State,32,23,9,11.21,3.05,6,6,2502,2210,1300,1903,0.461,809,0.379,595,0.738,318,1232,427,183,70,433,573
Boston College,35,19,16,9,7.2,2,11,2673,2610,1415,2105,0.45,831,0.359,646,0.741,371,1293,492,175,110,441,570
Boston University,31,15,16,-8.34,-5.84,9,9,2186,2226,1240,1730,0.462,614,0.373,559,0.639,296,1044,420,229,103,427,531
Bowling Green State,32,16,16,-6.38,-2.88,6,9,2429,2490,1305,1963,0.421,690,0.349,730,0.732,372,1226,425,189,82,408,569
Bradley,33,20,13,2.08,0.36,4,9,2223,2136,1320,1788,0.43,613,0.354,665,0.707,359,1178,447,214,133,441,626
Brigham Young,35,24,11,8.04,1.53,7,6,2600,2372,1415,1905,0.482,649,0.347,716,0.75,242,1146,533,224,133,403,596
Brown,27,11,16,-7.78,-4.67,3,11,2080,2133,1100,1631,0.426,588,0.316,667,0.756,310,988,338,174,81,364,565
Bryant,31,3,28,-18.75,-5.43,2,17,2169,2582,1245,1881,0.41,755,0.343,522,0.705,312,1000,417,190,43,401,600
Bucknell,35,25,10,4.48,-3.46,10,8,2837,2559,1420,2050,0.471,804,0.348,872,0.719,324,1281,505,194,152,437,655
Buffalo,36,27,9,7.99,0.25,8,5,3047,2742,1455,2334,0.473,948,0.37,695,0.699,426,1388,597,225,146,446,755
Butler,35,21,14,16.92,10.55,3,7,2763,2540,1430,2155,0.473,805,0.357,562,0.776,319,1198,489,232,100,391,642
Cal Poly,31,9,22,-11.55,-1.83,1,13,2082,2302,1270,1817,0.397,746,0.358,478,0.78,291,1034,372,154,122,366,565
Cal State Bakersfield,30,12,18,-6.58,-0.73,3,12,1981,2068,1200,1670,0.417,613,0.302,578,0.696,341,1068,387,182,87,416,597
Cal State Fullerton,32,20,12,-0.92,-1.02,7,7,2318,2245,1290,1721,0.467,500,0.334,745,0.729,276,1123,403,201,106,455,578
Cal State Northridge,30,6,24,-13.51,-3.55,2,13,1983,2206,1215,1689,0.433,514,0.362,473,0.708,247,940,366,149,74,365,533
UC-Davis,33,22,11,0.94,-1.84,9,7,2388,2241,1360,1792,0.465,572,0.372,705,0.716,267,1064,409,233,77,425,644
UC-Irvine,35,18,17,-0.21,-0.33,7,10,2440,2350,1410,2061,0.437,657,0.335,593,0.708,420,1443,430,178,140,487,719
UC-Riverside,31,9,22,-8.5,-1.53,3,13,2024,2163,1245,1779,0.402,597,0.31,580,0.702,312,1089,389,190,95,428,617
UC-Santa Barbara,32,23,9,2.1,-3.36,9,6,2425,2211,1285,1891,0.464,674,0.381,594,0.697,326,1176,481,154,118,337,536
University of California,32,8,24,-3.4,6.06,3,8,2166,2483,1285,1887,0.406,518,0.286,717,0.675,426,1140,313,220,154,470,648
Campbell,34,18,16,-5.68,-6.68,4,11,2581,2412,1370,1867,0.477,806,0.388,648,0.75,229,1085,482,228,137,403,579
Canisius,33,21,12,0.44,-4.8,8,8,2519,2346,1325,1942,0.464,874,0.348,581,0.711,335,1101,553,232,95,430,624
Central Arkansas,35,18,17,-5.83,-5.97,8,11,2819,2766,1425,2162,0.453,804,0.356,780,0.735,354,1271,566,233,180,480,690
Central Connecticut State,32,14,18,-11.62,-7.59,6,14,2171,2300,1305,1740,0.453,601,0.329,568,0.699,321,1130,397,161,107,473,549
Central Florida,32,19,13,4.75,3.75,5,6,2007,1975,1285,1627,0.424,538,0.329,702,0.641,305,1108,339,169,111,431,488
Central Michigan,36,21,15,-1.39,-3.24,6,9,2835,2661,1465,2187,0.436,1037,0.343,711,0.806,398,1305,492,228,119,417,573
Charleston Southern,31,15,16,-8.15,-6.15,6,10,2232,2133,1260,1793,0.447,631,0.33,581,0.723,345,1071,368,224,106,408,517
Charlotte,29,6,23,-10.13,0.27,2,12,2066,2317,1165,1634,0.432,563,0.352,637,0.716,269,990,319,165,65,428,524
Chattanooga,33,10,23,-11.09,-4.05,1,14,2289,2424,1345,1804,0.435,776,0.356,626,0.711,306,1072,421,166,69,460,507
Chicago State,32,3,29,-21.53,1.17,0,19,2171,2756,1280,1898,0.408,549,0.308,627,0.724,323,1042,367,232,81,483,697
Cincinnati,36,31,5,20.25,3.53,9,2,2673,2071,1440,2100,0.45,742,0.353,756,0.692,477,1413,570,256,194,404,561
Citadel,32,11,21,-13.63,-2.94,3,12,2639,2819,1290,2148,0.414,1133,0.341,673,0.706,374,1183,528,301,99,477,586
Clemson,35,25,10,17.17,9.25,4,6,2584,2307,1410,1971,0.456,786,0.366,660,0.755,310,1256,463,198,169,414,564
Cleveland State,35,12,23,-10.82,-3.64,2,15,2402,2613,1410,1965,0.434,863,0.341,572,0.703,270,1063,456,231,90,458,595
Coastal Carolina,32,14,18,-3.91,-2.4,5,7,2298,2241,1290,1813,0.434,660,0.33,702,0.721,388,1244,418,171,116,479,608
Colgate,33,19,14,-4.86,-5.73,6,11,2394,2315,1320,1897,0.437,856,0.361,552,0.774,296,1083,426,201,110,363,542
College of Charleston,34,26,8,1.83,-3.29,7,6,2536,2331,1385,1905,0.459,720,0.36,699,0.754,285,1129,387,177,119,339,563
Colorado State,32,11,21,-3.86,3.79,3,10,2314,2537,1295,1941,0.418,684,0.329,651,0.717,375,1200,409,190,102,426,624
Colorado,32,17,15,6.07,7,1,10,2307,2337,1295,1839,0.44,672,0.359,612,0.729,324,1200,409,140,122,451,619
Columbia,27,8,19,-5.64,-3.02,1,14,2062,2085,1090,1686,0.442,733,0.367,407,0.74,277,962,384,177,93,338,504
Connecticut,32,14,18,1.08,6.05,2,9,2181,2340,1300,1832,0.416,659,0.326,593,0.745,326,1096,334,190,119,403,592
Coppin State,32,5,27,-20.97,-7.25,1,20,1945,2384,1305,1824,0.36,869,0.305,497,0.736,273,1082,338,172,82,462,649
Cornell,28,12,16,-8.8,-3.24,4,11,2124,2250,1150,1613,0.461,639,0.34,574,0.73,232,961,449,144,98,376,499
Creighton,33,21,12,16.35,8.1,4,7,2756,2444,1330,2050,0.492,923,0.372,531,0.748,246,1206,588,187,88,371,501
Dartmouth,27,7,20,-10.31,-4,1,14,1841,1970,1085,1454,0.448,557,0.359,475,0.714,208,847,359,152,86,365,421
Davidson,33,21,12,11.02,2.57,6,8,2519,2240,1335,1874,0.48,907,0.389,461,0.798,225,1078,551,155,65,315,503
Dayton,31,14,17,1.64,2.7,1,10,2244,2277,1260,1671,0.481,736,0.337,531,0.731,240,968,488,162,78,426,510
Delaware State,32,4,28,-24.59,-9.32,0,18,2034,2458,1300,1781,0.417,591,0.325,516,0.694,337,1066,348,189,83,489,560
Delaware,33,14,19,-6.93,-2.96,4,10,2338,2428,1330,1880,0.457,584,0.329,657,0.651,314,1150,386,164,75,354,554
Denver,30,15,15,-5.22,-2.54,3,9,2192,2189,1220,1699,0.473,527,0.4,540,0.694,311,1107,452,129,72,451,561
DePaul,31,11,20,6.55,8.45,4,7,2230,2289,1245,1912,0.428,626,0.31,562,0.708,383,1160,465,200,94,430,553
Detroit Mercy,32,8,24,-12.47,-2.07,2,11,2516,2743,1285,2031,0.435,815,0.345,621,0.755,334,1114,437,212,88,435,649
Drake,34,17,17,-0.51,0.59,4,11,2506,2495,1390,1972,0.437,795,0.364,640,0.77,274,1158,504,204,86,412,530
Drexel,33,13,20,-7.2,-2.48,2,11,2454,2591,1340,1994,0.441,699,0.325,646,0.723,369,1197,380,176,138,409,583
Duke,37,29,8,24.44,9.71,6,5,3121,2576,1490,2288,0.492,831,0.372,791,0.71,492,1519,648,275,185,460,574
Duquesne,32,16,16,-1.08,-3.33,2,7,2317,2245,1310,1874,0.427,745,0.35,663,0.685,387,1148,382,186,140,383,598
East Carolina,30,10,20,-8.72,-0.22,2,8,1993,2248,1215,1723,0.43,597,0.305,494,0.666,292,1020,388,148,93,431,530
East Tennessee State,34,25,9,3.72,-4.09,11,4,2556,2241,1360,1957,0.473,711,0.343,648,0.71,352,1265,500,265,146,454,613
Eastern Illinois,31,12,19,-8.33,-3.4,4,12,2065,2120,1245,1726,0.424,627,0.357,551,0.684,331,1064,392,182,138,417,509
Eastern Kentucky,31,11,20,-10.57,-3.68,5,12,2230,2371,1245,1779,0.437,638,0.354,600,0.747,290,1022,405,193,113,401,542
Eastern Michigan,35,22,13,-0.23,-2.81,7,9,2509,2339,1415,2010,0.464,698,0.335,599,0.683,353,1230,450,303,227,447,559
Eastern Washington,35,20,15,-0.03,-1.55,6,12,2619,2520,1410,2017,0.464,828,0.374,572,0.764,255,1163,440,185,106,402,667
Elon,32,14,18,-6.89,-1.69,4,12,2346,2437,1320,1916,0.439,966,0.349,457,0.711,256,1140,507,140,66,373,494
Evansville,32,17,15,0.69,1.35,2,10,2094,2045,1285,1652,0.442,448,0.411,578,0.775,240,1058,417,190,92,431,568
Fairfield,33,17,16,-4.98,-3.68,3,10,2506,2549,1345,2009,0.439,893,0.339,621,0.71,301,1159,487,211,95,421,663
Fairleigh Dickinson,31,13,18,-10.42,-5.66,5,13,2313,2350,1240,1868,0.451,623,0.342,573,0.726,339,1067,416,220,100,426,561
Florida A&M,34,9,25,-19.22,-8.34,2,20,2343,2684,1385,1981,0.419,616,0.352,641,0.724,344,1094,370,194,104,471,612
Florida Atlantic,31,12,19,-5.36,-0.14,4,10,2155,2172,1245,1929,0.41,551,0.325,536,0.739,357,1194,376,182,124,393,557
Florida Gulf Coast,35,23,12,1.93,-5.44,9,6,2847,2515,1400,2117,0.494,699,0.363,680,0.74,368,1338,535,256,97,494,653
Florida International,32,14,18,-4.3,-1.99,3,9,2262,2278,1310,1912,0.426,632,0.321,704,0.609,321,1150,378,242,102,354,585
Florida State,35,23,12,15.79,8.5,4,7,2806,2551,1420,2125,0.468,781,0.35,786,0.691,393,1322,523,241,186,456,652
Florida,34,21,13,16.67,10.08,5,4,2577,2353,1375,2065,0.432,832,0.37,673,0.718,366,1198,445,237,164,335,591
Fordham,31,9,22,-6.74,1.26,1,10,1931,2179,1250,1680,0.412,787,0.288,452,0.708,198,884,419,283,74,386,491
Fresno State,32,21,11,8.17,1.84,8,5,2459,2201,1295,1805,0.49,548,0.394,682,0.694,293,1082,415,217,104,384,626
Furman,33,23,10,4.43,-3.64,7,6,2619,2260,1325,2006,0.47,950,0.356,557,0.713,316,1157,526,265,72,382,531
Gardner-Webb,32,14,18,-9.68,-3.79,3,13,2258,2307,1300,1850,0.444,676,0.349,526,0.719,298,1141,415,195,92,437,568
George Mason,33,16,17,-2.99,0.83,5,7,2371,2497,1345,1949,0.432,705,0.326,619,0.742,329,1213,378,200,96,425,541
George Washington,33,15,18,-0.72,2.13,1,10,2225,2319,1320,1861,0.447,561,0.321,537,0.709,350,1120,440,189,163,419,486
Georgetown,30,15,15,7.16,5.29,4,6,2350,2294,1235,1763,0.454,618,0.366,676,0.775,325,1151,522,164,110,458,531
Georgia Southern,33,21,12,-0.54,-3.28,8,7,2504,2315,1325,1992,0.43,784,0.341,789,0.663,402,1248,333,227,120,372,633
Georgia State,35,24,11,3.23,-2.78,9,6,2614,2356,1415,2033,0.461,839,0.385,615,0.678,303,1182,455,256,160,395,639
Georgia Tech,32,13,19,5.25,7.47,1,10,2101,2172,1285,1770,0.425,490,0.318,616,0.713,334,1084,409,221,171,411,533
Georgia,33,18,15,10.24,8.87,4,9,2247,2202,1340,1825,0.42,632,0.318,732,0.699,406,1301,402,126,156,420,533
Gonzaga,37,32,5,18.43,2.59,10,1,3091,2505,1500,2261,0.498,891,0.368,725,0.708,405,1477,564,234,134,420,631
Grambling,31,17,14,-12.97,-10.3,11,10,2257,2321,1250,1852,0.42,470,0.328,769,0.711,377,1193,342,239,113,477,674
Grand Canyon,34,22,12,3.76,-4.81,3,7,2512,2213,1370,1992,0.429,779,0.322,785,0.702,403,1310,540,211,134,450,685
Green Bay,33,13,20,-8.51,-4.08,2,13,2517,2499,1330,2027,0.424,813,0.363,670,0.752,334,1241,459,226,100,453,635
Hampton,34,18,16,-8.85,-9.57,5,11,2703,2603,1370,2173,0.446,627,0.316,727,0.777,385,1372,518,183,123,440,672
Hartford,33,19,14,-5.54,-5.26,9,6,2326,2318,1325,1840,0.454,783,0.345,569,0.678,274,1100,433,200,123,402,601
Harvard,32,18,14,-0.28,-1.7,6,11,2182,2129,1305,1775,0.43,729,0.353,512,0.775,284,1115,406,173,118,445,575
Hawaii,30,17,13,-2.32,-2.5,4,5,2104,2071,1215,1630,0.442,613,0.33,670,0.687,267,995,428,169,59,402,584
High Point,30,14,16,-6.74,-6.37,3,11,2126,1993,1205,1691,0.458,456,0.357,588,0.702,322,1039,353,222,82,375,545
Hofstra,31,19,12,-0.53,-1.6,9,4,2464,2397,1245,1868,0.465,693,0.375,686,0.682,339,1103,413,156,83,334,576
Holy Cross,31,12,19,-9.93,-5.83,6,10,1972,2099,1250,1569,0.461,623,0.326,465,0.69,178,880,421,193,105,381,537
Houston Baptist,31,6,25,-16.14,-3.96,1,16,2382,2617,1250,2058,0.418,677,0.323,710,0.624,471,1219,432,206,90,438,605
Houston,35,27,8,15.99,4.16,6,5,2685,2271,1400,2066,0.461,768,0.387,674,0.718,404,1352,505,218,106,418,737
Howard,33,10,23,-17.26,-9.75,2,18,2449,2654,1345,1997,0.424,772,0.347,688,0.708,369,1153,407,178,93,442,676
Idaho State,30,14,16,-5.77,-3.7,5,10,2211,2232,1200,1639,0.475,637,0.396,594,0.678,202,962,354,169,72,408,525
Idaho,31,22,9,0.82,-3.94,9,4,2330,2134,1245,1749,0.468,679,0.408,565,0.735,307,1138,459,135,80,411,553
Illinois-Chicago,36,20,16,-2.91,-4.21,9,8,2708,2597,1445,2115,0.45,697,0.347,768,0.734,368,1384,451,244,242,544,687
Illinois State,33,18,15,1.08,3.67,3,10,2364,2418,1350,1917,0.424,883,0.341,640,0.683,315,1171,468,216,131,438,677
Illinois,32,14,18,8.5,7.53,1,10,2426,2362,1295,1949,0.439,705,0.335,653,0.732,398,1053,442,240,69,425,720
Incarnate Word,28,7,21,-17.71,-5.04,1,12,1978,2163,1120,1566,0.428,493,0.337,630,0.746,279,976,311,169,143,442,521
Indiana State,31,13,18,1.54,2.43,5,7,2248,2253,1275,1803,0.423,748,0.361,644,0.705,321,1124,360,233,105,445,614
Indiana,31,16,15,9.89,8.25,3,8,2229,2178,1255,1767,0.456,602,0.322,644,0.657,345,1099,435,199,134,386,561
Iona,34,20,14,0.76,-2.19,7,8,2702,2602,1385,2076,0.461,846,0.383,626,0.738,290,1146,542,229,103,395,587
Iowa State,31,13,18,6.88,9.49,0,10,2258,2339,1250,1870,0.437,653,0.358,557,0.7,338,1134,423,149,129,369,508
Iowa,33,14,19,8.13,7.13,1,10,2630,2597,1330,1975,0.479,672,0.375,699,0.695,391,1258,602,172,134,441,548
Purdue-Fort Wayne,33,18,15,-1.49,-3.24,4,10,2716,2535,1325,2073,0.46,925,0.366,654,0.72,315,1157,484,264,110,391,538
IUPUI,30,11,19,-9.82,-3.53,2,14,2047,2180,1205,1723,0.424,600,0.355,559,0.665,347,1022,385,205,103,427,562
Jackson State,32,12,20,-17.66,-10.49,2,17,1991,2161,1295,1921,0.372,724,0.329,497,0.654,401,1087,350,235,89,368,651
Jacksonville State,36,23,13,-0.3,-4.87,9,8,2587,2369,1450,2091,0.456,650,0.325,657,0.712,406,1371,542,220,176,469,624
Jacksonville,33,15,18,-13.39,-6.12,3,12,2405,2482,1345,1993,0.45,601,0.336,622,0.658,330,1180,415,226,112,472,536
James Madison,32,10,22,-5.47,-2.15,3,11,2341,2414,1310,1933,0.42,695,0.332,667,0.729,361,1148,388,228,104,383,670
Kansas State,37,25,12,12.84,8.74,6,5,2630,2478,1485,2025,0.463,745,0.341,684,0.734,299,1136,510,294,110,423,684
Kansas,39,31,8,21.39,11.87,8,3,3174,2803,1565,2366,0.492,974,0.401,640,0.708,372,1388,649,254,160,456,597
Kennesaw State,30,10,20,-11.17,-4.31,2,14,2182,2328,1205,1771,0.455,438,0.365,597,0.69,306,987,446,216,93,409,540
Kent State,34,17,17,-3.72,-1.75,2,11,2482,2502,1370,2049,0.425,782,0.326,666,0.728,390,1220,393,201,122,442,638
Kentucky,37,26,11,17.24,10.73,4,6,2840,2599,1485,2115,0.472,546,0.357,930,0.698,439,1431,489,208,176,480,702
La Salle,32,13,19,1.7,2.54,2,10,2333,2360,1315,1905,0.429,710,0.33,591,0.787,292,1124,410,189,90,374,546
Lafayette,31,10,21,-9.78,-6.04,2,14,2207,2307,1245,1709,0.455,708,0.371,507,0.769,210,1026,386,131,103,411,515
Lamar,33,19,14,-5.19,-7.22,8,7,2500,2296,1340,2026,0.431,750,0.343,757,0.657,425,1246,449,281,75,430,654
Lehigh,30,16,14,-6.42,-5.66,7,8,2336,2333,1230,1845,0.453,721,0.406,480,0.777,269,1074,428,184,53,380,553
Liberty,37,22,15,-2.67,-6.23,7,6,2621,2353,1510,1948,0.461,805,0.373,660,0.792,269,1239,521,218,94,438,613
Lipscomb,33,23,10,-2.1,-3.8,10,7,2708,2564,1340,2040,0.453,813,0.328,826,0.718,346,1276,517,216,102,493,656
Long Beach State,33,15,18,-3.75,0.89,6,10,2485,2586,1330,1917,0.452,558,0.351,765,0.728,382,1195,419,218,119,501,592
Long Island University,35,18,17,-8.61,-8.19,5,11,2696,2674,1405,2055,0.455,815,0.342,786,0.696,367,1327,442,194,111,496,687
Longwood,33,7,26,-18.31,-4.31,2,13,2088,2445,1320,1764,0.413,691,0.327,591,0.687,263,1070,327,218,103,516,575
Louisiana,34,27,7,7.58,-2.54,10,4,2829,2408,1365,2093,0.464,818,0.363,775,0.761,435,1325,591,255,147,455,648
Louisiana-Monroe,32,16,16,-6.27,-3.31,3,11,2235,2187,1290,1863,0.435,801,0.36,453,0.717,294,1077,446,207,42,380,535
Louisiana State,33,18,15,10.93,8.03,3,8,2559,2463,1325,1926,0.476,774,0.346,628,0.731,317,1101,467,252,110,382,585
Louisiana Tech,33,17,16,1.33,-0.12,2,10,2468,2331,1325,1877,0.446,765,0.375,697,0.725,313,1137,470,196,132,405,568
Louisville,36,22,14,14.3,9.08,4,7,2721,2533,1460,2140,0.453,754,0.371,683,0.736,358,1317,489,251,217,425,585
Loyola (IL),38,32,6,10.38,1.81,9,4,2721,2377,1520,1963,0.507,700,0.396,626,0.725,229,1222,594,241,90,472,528
Loyola Marymount,31,11,20,-4.38,1.09,3,12,2226,2369,1250,1813,0.443,574,0.348,593,0.71,377,1011,439,216,72,407,607
Loyola (MD),31,9,22,-12.72,-5.25,1,16,2154,2326,1255,1820,0.438,509,0.32,608,0.653,332,1076,360,218,97,414,614
Maine,32,6,26,-14.64,-3.28,2,16,2140,2408,1295,1873,0.408,745,0.302,559,0.689,304,1131,378,206,94,496,624
Manhattan,31,14,17,-5.05,-4.15,5,8,2147,2175,1260,1661,0.444,598,0.4,625,0.694,319,1030,433,186,121,482,616
Marist,31,6,25,-12.48,-3.57,2,10,2239,2515,1260,1710,0.445,802,0.349,612,0.714,233,1041,369,130,77,488,547
Marquette,35,21,14,12.5,9.7,5,5,2846,2748,1415,2081,0.475,924,0.417,600,0.805,314,1114,551,214,128,431,679
Marshall,36,25,11,4.21,0.44,6,8,3017,2849,1455,2232,0.467,1012,0.358,747,0.764,288,1287,615,252,209,476,617
Maryland-Baltimore County,36,25,11,-2.02,-3.84,9,7,2630,2466,1440,2088,0.443,940,0.387,641,0.646,347,1245,547,269,87,440,592
Maryland-Eastern Shore,32,7,25,-24.63,-7.57,0,18,1992,2473,1280,1844,0.385,725,0.284,542,0.675,347,1065,347,151,57,417,548
Maryland,32,19,13,13.78,7.94,2,8,2338,2140,1285,1696,0.478,617,0.371,645,0.755,305,1149,452,138,137,438,512
Massachusetts-Lowell,30,12,18,-9.54,-5.78,3,11,2286,2356,1205,1719,0.46,621,0.346,690,0.709,282,969,435,210,86,405,538
Massachusetts,33,13,20,-1.66,1.1,1,11,2374,2465,1350,1918,0.449,732,0.4,481,0.746,300,1084,505,159,98,423,595
McNeese State,29,12,17,-12.06,-6.1,5,12,2184,2209,1170,1787,0.436,597,0.343,590,0.71,339,1144,327,156,133,416,505
Memphis,34,21,13,1.8,2.16,5,5,2408,2420,1380,1832,0.452,634,0.317,798,0.69,391,1166,443,201,129,467,583
Mercer,34,19,15,-0.87,-3.5,7,9,2561,2373,1380,1854,0.474,749,0.385,680,0.76,325,1176,490,182,55,424,582
Miami (FL),32,22,10,12.83,6.96,8,4,2361,2173,1290,1881,0.465,678,0.364,547,0.662,317,1113,424,210,130,367,518
Miami (OH),34,16,18,-3.56,-1.15,6,11,2449,2404,1390,2006,0.442,878,0.343,548,0.686,336,1232,453,257,88,453,569
Michigan State,35,30,5,22.41,7.1,8,1,2807,2271,1405,1996,0.496,725,0.4,716,0.747,401,1439,670,143,251,459,640
Michigan,41,33,8,19.03,9.41,6,5,3019,2596,1655,2335,0.468,1011,0.357,717,0.661,336,1367,585,261,126,379,643
Middle Tennessee,33,25,8,10.29,2.83,12,2,2479,2188,1330,1914,0.471,648,0.372,585,0.742,346,1182,468,201,76,413,651
Milwaukee,33,16,17,-4.15,-4.25,6,9,2259,2260,1330,1872,0.446,704,0.334,528,0.674,289,1146,429,196,125,412,545
Minnesota,32,15,17,7.01,6.91,2,9,2405,2402,1295,1971,0.431,630,0.346,692,0.704,371,1221,467,181,163,352,492
Mississippi State,37,25,12,11.71,6.82,4,8,2716,2507,1490,2151,0.465,802,0.319,666,0.691,398,1335,491,243,198,483,614
Mississippi Valley State,32,4,28,-21.41,-8.13,1,21,2075,2500,1300,1979,0.383,568,0.301,575,0.675,393,1138,327,186,56,421,658
Mississippi,32,12,20,6.85,9.16,1,10,2426,2500,1300,1999,0.421,788,0.319,675,0.73,393,1215,468,200,131,365,609
Missouri-Kansas City,32,10,22,-10.19,-1.02,3,11,2251,2447,1285,1859,0.407,845,0.336,640,0.711,259,1018,354,202,81,411,681
Missouri State,33,18,15,3.08,0.45,4,8,2313,2197,1325,1953,0.436,707,0.331,527,0.715,389,1276,425,153,134,382,575
Missouri,33,20,13,13.81,9.19,5,6,2399,2246,1330,1765,0.45,799,0.383,688,0.734,332,1225,443,170,140,469,594
Monmouth,31,11,20,-2.41,-1.24,4,12,2336,2372,1280,1718,0.458,574,0.389,758,0.711,276,1115,399,197,73,473,674
Montana State,32,13,19,-8.69,-3.53,3,12,2434,2524,1295,1929,0.424,731,0.352,746,0.728,358,1168,401,176,66,399,645
Montana,34,26,8,6.28,-2.25,8,6,2625,2329,1380,2021,0.467,549,0.339,780,0.706,400,1258,428,264,114,422,716
Morehead State,29,8,21,-10.65,-1.91,1,15,2043,2204,1165,1655,0.43,631,0.323,592,0.701,338,1041,344,165,86,456,598
Morgan State,31,13,18,-15.67,-11.97,3,15,2273,2338,1260,1883,0.418,478,0.337,742,0.725,421,1187,389,222,88,435,628
Mount St. Mary's,32,18,14,-8.15,-8.05,6,11,2331,2301,1295,1778,0.455,853,0.379,532,0.733,212,918,449,221,125,351,492
Murray State,32,26,6,6.87,-3.53,10,3,2515,2117,1280,1803,0.483,719,0.377,687,0.734,340,1186,471,216,104,384,559
Navy,32,20,12,-6.93,-7.22,9,6,2199,2125,1285,1737,0.444,622,0.331,627,0.719,342,1113,450,206,41,453,553
Omaha,31,9,22,-9.88,0.33,1,15,2373,2588,1260,1913,0.458,694,0.366,517,0.706,280,1044,405,177,83,409,498
Nebraska,33,22,11,10.99,7.32,4,8,2386,2265,1325,1906,0.43,670,0.346,716,0.718,356,1191,446,200,183,362,565
Nevada-Las Vegas,33,20,13,7.2,1.87,5,6,2753,2577,1345,2000,0.489,554,0.334,868,0.705,393,1333,535,184,146,473,580
Nevada,37,29,8,14.44,4.93,11,3,3055,2703,1500,2238,0.469,904,0.392,812,0.743,339,1316,598,230,150,357,630
New Hampshire,31,10,21,-8.38,-4.32,2,12,2103,2085,1240,1803,0.402,776,0.325,544,0.737,352,1189,368,111,56,362,555
New Mexico State,34,28,6,9.06,-1.1,8,3,2572,2183,1365,2104,0.458,773,0.334,603,0.643,427,1402,481,189,103,429,604
New Mexico,34,19,15,5.81,3.3,4,8,2795,2641,1365,2065,0.455,979,0.375,708,0.777,315,1073,539,251,96,422,696
New Orleans,33,16,17,-9.01,-5.78,5,13,2297,2322,1325,1798,0.453,444,0.358,755,0.673,367,1128,483,238,116,498,622
Niagara,33,19,14,-4.84,-4.21,10,7,2748,2769,1330,2124,0.444,758,0.359,808,0.728,390,1286,397,171,145,373,579
Nicholls State,32,21,11,-3.54,-5.86,9,7,2641,2411,1280,1994,0.472,729,0.357,696,0.717,353,1189,474,307,126,490,712
NJIT,30,14,16,-7.25,-5.53,4,9,2248,2197,1210,1803,0.448,653,0.361,579,0.684,331,1063,417,246,97,399,556
Norfolk State,33,14,19,-12.98,-10.18,5,11,2399,2417,1325,1992,0.431,707,0.359,639,0.671,411,1270,450,206,114,507,693
North Carolina-Asheville,34,21,13,-3.92,-3.57,7,10,2557,2499,1385,1921,0.475,703,0.394,615,0.741,280,1152,522,252,114,468,628
North Carolina A&T,35,20,15,-12.57,-11.2,5,13,2623,2605,1415,2010,0.462,707,0.301,776,0.711,344,1252,534,212,80,482,629
North Carolina Central,35,19,16,-13.19,-12.31,3,13,2520,2425,1405,2060,0.461,640,0.331,597,0.687,410,1336,545,179,117,495,650
North Carolina-Greensboro,35,27,8,4.54,-3.87,8,6,2562,2189,1430,2075,0.445,938,0.353,549,0.698,417,1307,487,267,132,481,650
North Carolina State,33,21,12,12.91,6.7,4,5,2682,2477,1325,2054,0.47,707,0.372,703,0.696,400,1176,531,244,122,400,609
North Carolina-Wilmington,32,11,21,-7.52,-1.15,2,11,2542,2668,1305,2109,0.436,705,0.346,664,0.69,441,1310,488,164,67,414,586
North Carolina,37,26,11,20.08,11.78,6,5,3018,2711,1485,2417,0.457,849,0.359,677,0.743,511,1570,674,213,151,445,587
North Dakota State,32,15,17,-1.86,-1.58,5,10,2382,2264,1285,1783,0.469,778,0.378,544,0.761,231,1102,422,145,76,402,556
North Dakota,32,12,20,-7.63,-0.2,2,13,2427,2612,1305,1879,0.459,685,0.34,663,0.706,225,984,411,253,59,417,605
North Florida,33,14,19,-11.4,-1.74,4,17,2668,2873,1325,2058,0.456,945,0.378,570,0.76,313,1159,490,173,126,478,505
North Texas,38,20,18,1.16,-0.4,6,11,2828,2703,1540,2243,0.451,849,0.356,761,0.66,405,1451,476,195,112,495,723
Northeastern,33,23,10,3.64,-1.61,9,5,2472,2270,1335,1776,0.484,804,0.376,617,0.733,258,1083,523,220,82,450,575
Northern Arizona,32,5,27,-14.66,-1.03,3,14,2100,2512,1290,1750,0.399,584,0.305,750,0.701,317,1074,314,180,100,497,632
Northern Colorado,38,26,12,3.61,-2.27,7,8,3080,2776,1535,2347,0.47,930,0.359,784,0.689,356,1430,454,203,139,465,722
Northern Illinois,32,13,19,-6.71,-1.71,1,13,2319,2407,1285,1860,0.456,512,0.33,623,0.726,314,1102,295,213,58,378,594
Northern Iowa,32,16,16,4.01,3.87,1,9,2056,1990,1285,1714,0.42,684,0.335,537,0.721,263,1109,345,166,80,364,482
Northern Kentucky,32,22,10,4.83,-4.07,8,6,2486,2112,1280,1892,0.475,756,0.341,591,0.731,309,1176,523,236,103,399,586
Northwestern State,29,4,25,-21.02,-4.18,3,13,1868,2264,1160,1678,0.412,448,0.279,588,0.611,359,1036,279,180,122,496,573
Northwestern,32,15,17,9.63,8.37,3,9,2203,2127,1290,1813,0.426,720,0.354,538,0.747,320,1059,448,156,136,374,605
Notre Dame,36,21,15,13.65,7.94,5,7,2698,2471,1455,2131,0.443,838,0.358,670,0.758,384,1324,520,208,131,355,470
Oakland,33,19,14,-1.82,-3.76,7,8,2580,2516,1330,1966,0.45,782,0.352,697,0.77,326,1203,553,200,170,434,540
Ohio State,34,25,9,17.67,9.03,6,2,2591,2297,1375,1980,0.48,678,0.353,616,0.731,330,1245,499,209,132,399,595
Ohio,31,14,17,-2.52,-1.65,2,10,2334,2353,1280,1893,0.443,661,0.369,579,0.712,257,1127,443,207,103,412,500
Oklahoma State,36,21,15,12.45,9.12,3,7,2757,2637,1450,2224,0.431,851,0.348,717,0.757,463,1348,514,237,143,466,692
Oklahoma,32,18,14,13.81,10.56,2,9,2718,2614,1295,2063,0.462,836,0.359,684,0.746,337,1229,479,208,151,428,551
Old Dominion,32,25,7,9.27,-1.27,10,3,2347,2010,1290,1888,0.447,639,0.357,623,0.692,373,1207,483,239,139,332,509
Oral Roberts,32,11,21,-6.67,1.05,3,14,2332,2484,1310,2010,0.437,641,0.343,517,0.685,440,1226,453,174,112,411,565
Oregon State,32,16,16,7.32,4.57,1,9,2339,2251,1300,1779,0.467,583,0.329,688,0.708,332,1119,475,212,116,424,642
Oregon,36,23,13,10.7,4.84,4,7,2817,2606,1460,2155,0.458,908,0.357,683,0.763,372,1262,556,248,152,434,712
Pacific,32,14,18,-0.55,1.8,6,9,2280,2316,1290,1782,0.451,459,0.329,715,0.729,332,1086,395,197,129,368,581
Penn State,39,26,13,15.85,7.79,6,7,2915,2601,1570,2291,0.461,759,0.387,722,0.702,422,1385,541,282,193,463,685
Pennsylvania,33,24,9,2.24,-3.17,9,4,2506,2274,1355,1948,0.458,831,0.35,651,0.659,283,1239,508,194,92,391,566
Pepperdine,32,6,26,-6.51,1.82,0,14,2283,2516,1290,1829,0.449,542,0.343,646,0.701,324,1077,449,155,69,376,575
Pittsburgh,32,8,24,-1.87,8.47,0,10,1985,2316,1290,1673,0.405,795,0.325,534,0.695,247,1007,398,138,112,443,553
Portland State,34,20,14,-0.14,-1.05,10,6,2897,2698,1375,2333,0.443,883,0.34,751,0.704,488,1306,548,333,118,431,746
Portland,32,10,22,-6.61,2.43,3,9,2221,2372,1290,1745,0.448,665,0.383,596,0.678,205,1014,387,165,127,383,576
Prairie View,34,16,18,-10.13,-7.71,5,15,2559,2609,1370,2043,0.436,752,0.328,793,0.671,400,1182,439,257,103,460,748
Presbyterian,32,11,21,-14.32,-5.53,2,13,2124,2273,1285,1760,0.426,772,0.358,510,0.686,290,1003,368,175,63,368,461
Princeton,29,13,16,-2.44,-1.97,5,9,2106,2083,1200,1661,0.453,767,0.374,443,0.707,220,949,367,137,90,334,504
Providence,35,21,14,11.12,10.23,4,7,2575,2544,1425,2037,0.441,671,0.332,787,0.704,367,1247,485,238,128,430,624
Purdue,37,30,7,23.41,8.74,8,2,2974,2431,1485,2097,0.493,840,0.42,747,0.743,311,1295,598,211,180,399,580
Quinnipiac,33,12,21,-9.5,-4.44,3,12,2364,2531,1355,1864,0.422,893,0.339,690,0.706,330,1142,404,182,86,446,566
Radford,36,23,13,-2.61,-4.08,7,10,2422,2336,1465,2000,0.425,793,0.349,614,0.725,414,1244,442,226,105,441,596
Rhode Island,34,26,8,11.81,4.61,7,4,2583,2338,1370,2096,0.455,670,0.352,630,0.697,386,1170,520,249,118,362,645
Rice,31,7,24,-8.63,-0.04,2,13,2114,2347,1250,1751,0.406,818,0.318,646,0.669,326,1140,378,166,66,460,509
Richmond,32,12,20,-0.17,3.61,4,8,2297,2418,1295,1830,0.461,664,0.334,544,0.715,248,972,486,244,77,373,518
Rider,32,22,10,0.98,-2.62,8,7,2620,2505,1285,2004,0.465,678,0.358,844,0.608,421,1253,459,241,109,424,638
Robert Morris,33,16,17,-7.99,-6.11,9,11,2272,2334,1325,1932,0.411,729,0.332,663,0.667,392,1176,382,256,90,489,663
Rutgers,34,15,19,5.5,6.83,0,9,2216,2204,1375,2042,0.406,500,0.29,635,0.644,447,1316,333,240,136,397,583
Sacramento State,32,7,25,-8.91,-0.74,1,12,2157,2358,1285,1802,0.444,570,0.354,519,0.684,266,1024,420,172,110,385,586
Sacred Heart,31,10,21,-11.38,-6.98,4,11,2129,2237,1245,1823,0.437,599,0.299,540,0.663,373,1238,401,149,72,460,571
Saint Francis (PA),31,18,13,-6.13,-6.71,7,10,2450,2355,1260,1845,0.466,670,0.373,630,0.762,274,1046,416,209,72,359,496
Saint Joseph's,32,16,16,3.78,1.9,4,9,2371,2311,1290,1953,0.423,757,0.337,675,0.687,289,1201,447,203,91,320,497
Saint Louis,33,17,16,2.58,2.92,3,7,2170,2157,1325,1734,0.422,573,0.323,802,0.652,387,1188,393,198,146,420,596
Saint Mary's (CA),36,30,6,12.86,0.33,11,1,2772,2321,1455,1970,0.515,692,0.41,598,0.769,298,1213,557,160,94,357,556
Saint Peter's,32,14,18,-5.24,-4.36,3,12,2085,2113,1310,1762,0.42,750,0.337,488,0.721,292,1050,379,211,101,416,601
Sam Houston State,36,21,15,-5.14,-4.8,5,10,2571,2477,1445,2115,0.426,762,0.337,719,0.715,430,1356,527,220,62,473,708
Samford,32,10,22,-11.1,-3.37,2,14,2483,2639,1280,1846,0.471,774,0.373,594,0.764,263,974,530,230,76,435,527
San Diego State,33,22,11,12.23,3.91,5,7,2545,2240,1320,1967,0.459,709,0.337,702,0.715,364,1250,488,206,107,394,564
San Diego,34,20,14,2.86,0.49,8,6,2385,2264,1370,1775,0.452,794,0.364,692,0.711,250,1117,475,186,138,445,701
San Francisco,39,22,17,1.13,1.63,4,9,2685,2681,1570,2256,0.422,986,0.338,663,0.676,381,1393,526,210,141,464,745
San Jose State,30,4,26,-8.74,2.91,1,14,1974,2260,1210,1618,0.436,485,0.367,558,0.692,277,1073,385,135,69,488,570
Santa Clara,31,11,20,-7.01,0.61,5,5,2048,2224,1245,1674,0.429,682,0.34,524,0.725,243,887,404,168,73,350,537
Savannah State,32,15,17,-15.36,-5.06,4,13,2754,2991,1295,2350,0.4,1304,0.3,694,0.696,423,1222,504,301,89,448,608
Seattle,34,20,14,-2.32,-3.09,3,10,2589,2468,1375,1975,0.446,844,0.37,698,0.738,365,1298,463,167,123,484,692
Seton Hall,34,22,12,15.67,10.11,5,6,2701,2512,1370,2073,0.468,685,0.365,729,0.698,414,1302,527,210,117,432,614
Siena,32,8,24,-10.46,-2.99,1,15,2166,2405,1325,1790,0.42,600,0.367,652,0.678,352,1146,355,153,104,483,641
South Alabama,32,14,18,-5.43,-2.87,2,13,2228,2218,1285,1785,0.421,779,0.323,674,0.7,300,1165,398,171,126,479,612
South Carolina State,32,10,22,-20.18,-8.78,2,16,2355,2660,1290,1948,0.426,614,0.334,706,0.697,363,1092,352,169,76,444,612
South Carolina Upstate,32,7,25,-17.46,-4.35,0,17,2424,2723,1290,2045,0.431,952,0.345,460,0.726,335,1062,449,195,86,370,566
South Carolina,33,17,16,9.45,9.23,4,8,2313,2277,1330,1899,0.398,708,0.339,800,0.701,415,1228,423,180,105,455,662
South Dakota State,35,28,7,6.84,-0.38,8,5,2958,2599,1415,2147,0.467,927,0.403,759,0.762,308,1360,467,172,80,353,562
South Dakota,35,26,9,6.17,-2.6,9,5,2832,2404,1400,2136,0.476,684,0.355,740,0.75,353,1319,463,239,69,388,592
South Florida,32,10,22,-7.27,0.05,3,10,2026,2260,1285,1690,0.418,573,0.361,560,0.723,309,1065,379,163,76,449,546
Southeast Missouri State,31,14,17,-8.13,-4.88,6,9,2355,2413,1250,1729,0.46,738,0.392,650,0.729,273,1005,423,178,54,388,553
Southeastern Louisiana,34,22,12,-6.4,-6.2,10,7,2439,2357,1360,1911,0.454,712,0.351,692,0.658,357,1158,498,225,98,468,568
Southern California,36,24,12,12.82,6.29,6,5,2798,2563,1460,2174,0.47,788,0.376,649,0.706,370,1252,569,228,145,383,568
SIU Edwardsville,30,9,21,-12.43,-3.36,5,11,2090,2362,1200,1759,0.417,654,0.324,580,0.707,324,1024,373,144,82,409,645
Southern Illinois,33,20,13,1.37,0.65,5,8,2308,2280,1340,1817,0.462,604,0.356,596,0.696,281,1079,464,248,118,420,588
Southern Methodist,33,17,16,9.08,3.66,2,8,2293,2114,1320,1835,0.444,741,0.379,560,0.686,365,1109,474,244,99,383,535
Southern Mississippi,34,16,18,-4.26,1.31,2,11,2401,2449,1365,1958,0.445,749,0.339,573,0.703,254,1035,500,237,59,333,528
Southern Utah,32,13,19,-7.64,-0.88,2,13,2416,2583,1290,1887,0.437,706,0.358,698,0.738,268,1084,374,166,98,408,699
Southern,33,15,18,-14.54,-9.57,4,14,2279,2369,1330,1937,0.403,524,0.338,793,0.681,429,1285,371,187,121,435,629
St. Bonaventure,34,26,8,8.87,2.61,9,4,2620,2407,1380,1959,0.451,661,0.386,794,0.752,344,1208,472,239,118,391,674
St. Francis (NY),31,13,18,-12.25,-7.32,3,13,2260,2357,1260,1889,0.415,783,0.346,591,0.712,322,1046,357,225,82,390,668
St. John's (NY),33,16,17,10.29,10.69,2,7,2412,2397,1345,1999,0.434,706,0.329,602,0.741,288,1110,422,282,172,393,614
Stanford,35,19,16,8.08,7.14,4,7,2655,2622,1410,2007,0.461,632,0.369,835,0.685,395,1368,469,183,122,525,633
Stephen F. Austin,35,28,7,2.67,-6.46,9,5,2819,2386,1400,2059,0.486,651,0.372,819,0.705,399,1248,498,361,107,540,765
Stetson,32,12,20,-12.38,-6.46,5,11,2412,2496,1290,2053,0.442,726,0.344,518,0.672,292,1099,471,228,87,350,586
Stony Brook,32,13,19,-5.09,-2.28,6,11,2205,2249,1290,1866,0.417,757,0.329,606,0.657,364,1152,427,261,94,448,647
Syracuse,37,23,14,12.89,10.02,4,6,2466,2360,1500,1995,0.417,655,0.318,807,0.736,433,1375,395,258,198,460,611
Temple,33,17,16,7.25,7.79,4,10,2308,2326,1330,1990,0.425,774,0.35,509,0.682,337,1120,421,220,108,357,580
Tennessee-Martin,31,10,21,-10.51,-4.96,5,12,2135,2253,1255,1806,0.447,650,0.323,426,0.725,306,1086,390,214,105,449,568
Tennessee State,30,15,15,-5.34,-2.98,6,9,1997,2010,1220,1574,0.425,664,0.336,590,0.739,261,989,326,213,86,442,563
Tennessee Tech,33,19,14,-5.83,-3.54,5,10,2413,2388,1325,1924,0.439,697,0.347,710,0.68,336,1174,471,252,108,471,649
Tennessee,35,26,9,18.2,10.12,8,4,2584,2301,1410,2012,0.44,718,0.38,715,0.757,404,1262,550,222,156,422,680
Texas A&M-Corpus Christi,29,11,18,-12.3,-6.56,4,11,1963,2057,1170,1589,0.435,437,0.341,603,0.716,292,1005,323,197,84,461,606
Texas A&M,35,22,13,15.3,10.62,4,7,2631,2467,1400,2121,0.46,700,0.329,679,0.661,429,1450,538,190,209,476,574
Texas-Arlington,34,21,13,2.2,-1.43,4,10,2640,2500,1365,2054,0.451,818,0.359,713,0.69,375,1333,545,229,143,507,617
Texas Christian,33,21,12,16.38,9.68,3,7,2708,2487,1345,1973,0.496,694,0.395,674,0.706,365,1201,615,214,119,419,553
Texas-El Paso,31,11,20,-5.3,-0.2,2,8,2094,2197,1240,1736,0.434,667,0.336,542,0.668,217,1036,328,129,89,381,576
Texas-Rio Grande Valley,33,15,18,-7.71,-2.84,6,10,2490,2584,1330,2061,0.404,663,0.309,835,0.741,379,1240,499,253,110,447,724
Texas-San Antonio,35,20,15,-1.24,-0.93,6,8,2740,2628,1405,2224,0.437,979,0.361,656,0.675,374,1394,492,218,95,440,703
Texas Southern,36,16,20,-7.53,-5.53,5,17,2787,2859,1450,2111,0.438,781,0.359,906,0.725,368,1301,438,207,145,453,631
Texas State,33,15,18,-5.83,-3.44,6,9,2190,2172,1330,1782,0.434,648,0.33,651,0.661,363,1144,448,179,92,442,543
Texas Tech,37,27,10,19.38,9.6,4,6,2759,2397,1490,2096,0.46,702,0.359,823,0.704,396,1332,529,262,158,454,669
Texas,34,19,15,13.96,10.67,3,7,2450,2338,1410,2010,0.439,766,0.32,663,0.665,358,1217,394,209,168,399,547
Toledo,34,23,11,2.65,-1.75,9,6,2687,2532,1360,1953,0.467,815,0.401,725,0.737,319,1253,528,127,135,395,541
Towson,32,18,14,-0.14,-3.14,4,9,2446,2279,1300,1905,0.467,582,0.361,667,0.687,398,1219,381,209,139,405,633
Troy,33,16,17,-1.5,-2.11,4,10,2475,2408,1330,1930,0.439,866,0.337,662,0.736,319,1194,435,165,124,408,570
Tulane,31,14,17,1.21,2.08,3,8,2269,2296,1250,1779,0.45,663,0.35,613,0.713,294,1068,483,156,126,409,557
Tulsa,31,19,12,4.96,2.38,4,7,2277,2197,1255,1730,0.436,710,0.348,720,0.725,346,1177,391,139,68,399,495
UCLA,33,21,12,12.07,6.86,3,7,2679,2507,1350,2014,0.46,813,0.381,715,0.72,335,1283,495,184,131,399,592
Utah State,34,17,17,2.31,2.65,2,12,2489,2466,1365,1904,0.454,870,0.364,627,0.705,290,1131,474,170,68,441,617
Utah Valley,34,23,11,5.08,-1.76,6,9,2657,2310,1365,1919,0.483,692,0.386,725,0.742,351,1297,549,203,140,474,558
Utah,35,23,12,11.4,6.4,6,6,2571,2396,1410,1903,0.46,870,0.37,655,0.759,266,1174,532,180,115,414,567
Valparaiso,32,15,17,0.63,0.93,3,12,2252,2182,1280,1740,0.449,623,0.342,674,0.708,294,1115,399,235,105,469,679
Vanderbilt,32,12,20,8.52,10.14,1,10,2316,2368,1290,1775,0.437,819,0.353,642,0.743,311,1081,392,154,108,379,632
Vermont,35,27,8,4.89,-3.17,12,5,2587,2277,1400,1803,0.488,649,0.401,755,0.754,269,1160,468,134,89,388,528
Villanova,40,36,4,26.64,10.24,9,3,3463,2807,1615,2440,0.5,1158,0.401,718,0.779,380,1436,655,259,162,426,645
Virginia Commonwealth,33,18,15,3.55,2.42,5,5,2507,2470,1335,2013,0.458,778,0.352,566,0.691,342,1203,510,210,93,446,561
VMI,30,9,21,-15.43,-4.25,3,12,1954,2214,1200,1729,0.398,704,0.32,477,0.74,283,1028,356,221,87,442,539
Virginia Tech,33,21,12,14.35,6.72,6,5,2634,2382,1335,1865,0.499,745,0.388,681,0.709,244,1078,542,191,74,395,523
Virginia,34,31,3,22.21,9.07,10,1,2283,1836,1365,1844,0.46,645,0.383,451,0.754,282,1099,458,232,124,290,480
Wagner,33,23,10,-3.19,-6.9,7,9,2448,2256,1325,1963,0.427,769,0.35,705,0.711,446,1290,440,218,129,451,729
Wake Forest,31,11,20,7.76,8.79,3,8,2273,2305,1240,1826,0.439,644,0.374,583,0.738,337,1108,432,181,109,407,604
Washington State,31,12,19,0.67,5.22,1,10,2270,2411,1250,1795,0.446,905,0.377,444,0.736,258,1007,450,164,71,421,532
Washington,34,21,13,7.65,6.06,4,6,2535,2481,1375,1963,0.458,664,0.346,720,0.701,328,1114,398,274,177,453,640
Weber State,31,20,11,0.01,-2.88,7,4,2434,2195,1255,1722,0.491,672,0.417,603,0.766,182,1039,430,161,120,368,551
West Virginia,37,26,11,19.88,9.36,5,5,2964,2575,1485,2374,0.436,911,0.353,744,0.766,513,1401,561,301,192,420,798
Western Carolina,32,13,19,-11.9,-1.63,3,12,2190,2419,1280,1885,0.411,703,0.333,597,0.683,371,1101,427,254,92,476,561
Western Illinois,28,12,16,-11.07,-2.28,1,10,2012,2009,1135,1607,0.466,527,0.357,456,0.715,196,990,308,136,109,350,432
Western Kentucky,38,27,11,11.08,3.65,9,5,2979,2674,1525,2183,0.492,587,0.351,869,0.717,369,1356,515,271,140,441,569
Western Michigan,32,17,15,-2.22,-1.99,6,7,2402,2349,1285,1926,0.439,678,0.344,659,0.727,356,1130,405,209,100,342,559
Wichita State,33,25,8,16.58,5.46,9,2,2731,2364,1330,2009,0.476,787,0.381,700,0.739,404,1336,610,154,127,385,580
William & Mary,31,19,12,-1.36,-1.32,7,8,2636,2531,1255,1782,0.511,777,0.434,591,0.81,209,1020,548,174,125,382,530
Winthrop,31,19,12,-1.63,-5.84,7,9,2464,2219,1240,1803,0.476,792,0.374,623,0.722,283,1125,455,211,144,429,539
Wisconsin,33,15,18,10.38,9.5,3,8,2206,2177,1325,1770,0.448,644,0.335,578,0.699,299,1010,411,180,117,353,543
Wofford,34,21,13,-0.96,-2.45,7,7,2578,2405,1360,1906,0.473,865,0.413,538,0.779,272,1099,522,220,88,413,585
Wright State,35,25,10,0.58,-3.64,8,7,2500,2307,1410,2019,0.432,703,0.337,723,0.715,354,1266,460,231,77,459,558
Wyoming,33,20,13,4.26,3.54,5,7,2633,2597,1365,1959,0.446,881,0.345,790,0.738,231,1148,518,215,130,449,654
Xavier,35,29,6,19.08,9.45,9,2,2953,2616,1415,2055,0.492,736,0.372,843,0.779,340,1342,579,205,109,441,602
Yale,31,16,15,-4.19,-2.83,7,11,2312,2288,1250,1797,0.462,759,0.332,551,0.722,275,1052,507,204,95,407,541
Youngstown State,32,8,24,-13.66,-2.56,2,13,2410,2647,1290,2110,0.427,712,0.33,583,0.636,457,1159,445,266,126,460,672