school,opp_mp,opp_fga,opp_fg_pct,opp_tpa,opp_tp_pct,opp_fta,opp_ft_pct,opp_orb,opp_trb,opp_ast,opp_stl,opp_blk,opp_to,opp_pf
Abilene Christian,1290,1759,0.438,657,0.326,743,0.707,313,1107,370,205,91,512,556
Air Force,1245,1686,0.463,726,0.397,553,0.712,274,1069,447,174,106,436,582
Akron,1295,1797,0.461,720,0.357,689,0.723,298,1106,423,202,114,410,554
Alabama A&M,1245,1844,0.478,595,0.383,549,0.687,340,1126,460,237,151,353,528
Alabama-Birmingham,1330,1952,0.424,853,0.342,513,0.696,301,1035,440,232,100,414,555
Alabama State,1245,1795,0.453,631,0.377,836,0.685,392,1232,418,207,119,401,590
Alabama,1440,2109,0.416,799,0.328,769,0.685,414,1277,427,237,134,473,718
Albany (NY),1280,1808,0.446,654,0.329,503,0.702,261,965,433,176,135,368,634
Alcorn State,1285,1867,0.433,766,0.347,716,0.704,363,1179,466,201,99,419,557
American,1205,1595,0.487,519,0.383,650,0.714,282,1059,412,208,108,413,499
Appalachian State,1340,1953,0.437,641,0.362,705,0.721,304,1177,406,219,104,430,686
Arizona State,1290,1919,0.438,766,0.342,628,0.718,357,1171,479,172,111,474,688
Arizona,1420,2047,0.435,729,0.358,638,0.734,310,1018,443,214,92,406,686
Little Rock,1300,1744,0.432,761,0.353,687,0.677,336,1130,436,173,115,436,529
Arkansas-Pine Bluff,1410,1919,0.433,690,0.329,858,0.711,445,1327,489,274,68,531,609
Arkansas State,1290,1852,0.492,642,0.382,641,0.711,318,1133,471,182,113,437,593
Arkansas,1415,2028,0.43,844,0.357,828,0.727,394,1264,477,167,125,490,680
Army,1205,1709,0.443,699,0.359,640,0.716,281,1092,406,200,108,427,467
Auburn,1360,1961,0.427,777,0.351,747,0.722,341,1207,439,207,111,516,700
Austin Peay,1370,1821,0.464,661,0.363,721,0.716,309,1107,408,200,130,549,720
Ball State,1295,1977,0.425,715,0.361,580,0.728,335,1160,419,222,113,384,608
Baylor,1375,2016,0.415,774,0.337,609,0.716,367,1091,499,197,142,400,613
Belmont,1320,1943,0.43,680,0.335,521,0.737,302,1068,380,202,90,382,572
Bethune-Cookman,1290,2080,0.425,700,0.33,780,0.7,396,1239,488,213,114,444,674
Binghamton,1245,1750,0.446,616,0.381,545,0.708,278,1085,430,177,83,372,495
Boise State,1300,1859,0.427,681,0.327,551,0.724,203,972,407,194,98,380,568
Boston College,1415,2109,0.445,855,0.361,571,0.744,336,1212,483,197,108,435,614
Boston University,1240,1762,0.45,711,0.354,533,0.728,303,1041,411,198,93,427,541
Bowling Green State,1305,1949,0.458,709,0.368,614,0.721,302,1168,457,200,114,404,653
Bradley,1320,1768,0.405,737,0.33,627,0.735,326,1094,430,209,87,447,627
Brigham Young,1415,1955,0.449,746,0.336,556,0.656,263,1100,454,212,101,444,639
Brown,1100,1558,0.476,557,0.368,631,0.707,247,959,366,182,126,388,562
Bryant,1245,1867,0.493,760,0.405,616,0.701,354,1236,500,202,132,394,528
Bucknell,1420,2138,0.426,677,0.331,738,0.695,360,1240,448,231,116,438,742
Buffalo,1455,2179,0.43,728,0.328,860,0.734,389,1313,415,207,135,496,657
Butler,1430,1954,0.449,735,0.373,689,0.743,278,1137,440,179,120,484,586
Cal Poly,1270,1790,0.456,594,0.384,593,0.745,307,1143,448,182,111,347,491
Cal State Bakersfield,1200,1597,0.425,693,0.352,664,0.702,291,1009,392,180,82,407,576
Cal State Fullerton,1290,1861,0.413,635,0.346,647,0.756,320,1074,396,180,114,413,627
Cal State Northridge,1215,1726,0.464,544,0.357,567,0.723,323,1104,428,176,110,333,487
UC-Davis,1360,1806,0.425,683,0.324,658,0.736,330,1134,419,207,113,506,664
UC-Irvine,1410,2006,0.389,699,0.328,803,0.696,332,1180,398,190,96,367,605
UC-Riverside,1245,1776,0.414,707,0.33,663,0.694,351,1195,409,209,104,432,586
UC-Santa Barbara,1285,1863,0.431,661,0.345,538,0.701,296,1081,443,116,81,368,567
University of California,1285,1807,0.471,706,0.399,689,0.721,316,1116,514,193,128,443,631
Campbell,1370,1933,0.445,694,0.339,633,0.719,308,1151,425,209,92,427,574
Canisius,1325,1825,0.448,645,0.321,686,0.733,334,1121,386,174,84,500,571
Central Arkansas,1425,2183,0.447,700,0.36,834,0.676,445,1405,500,251,107,509,688
Central Connecticut State,1305,1860,0.439,758,0.364,560,0.7,319,1029,425,218,78,360,562
Central Florida,1285,1790,0.401,608,0.331,469,0.721,321,1085,401,202,122,394,624
Central Michigan,1465,2173,0.445,913,0.348,567,0.725,378,1269,490,202,130,465,652
Charleston Southern,1260,1644,0.434,742,0.383,559,0.753,273,1021,410,184,98,484,518
Charlotte,1165,1762,0.478,625,0.37,566,0.71,289,1044,412,222,103,370,551
Chattanooga,1345,1880,0.48,649,0.351,525,0.747,283,1105,442,236,115,430,640
Chicago State,1280,1908,0.497,743,0.397,797,0.706,363,1250,583,208,145,454,607
Cincinnati,1440,1974,0.374,747,0.309,529,0.684,361,1127,361,179,106,514,654
Citadel,1290,2123,0.48,913,0.363,619,0.724,393,1382,617,246,135,542,595
Clemson,1410,2033,0.406,761,0.352,552,0.701,332,1172,401,199,126,413,617
Cleveland State,1410,2052,0.456,813,0.355,633,0.714,390,1335,528,184,115,490,588
Coastal Carolina,1290,1819,0.405,809,0.341,680,0.725,315,1053,419,224,69,384,620
Colgate,1320,1836,0.453,735,0.367,520,0.737,285,1128,437,169,101,431,560
College of Charleston,1385,1907,0.432,694,0.344,602,0.738,321,1149,410,140,110,403,617
Colorado State,1295,1918,0.458,842,0.359,677,0.705,321,1166,503,199,82,406,621
Colorado,1295,1909,0.423,743,0.357,649,0.703,312,1091,370,235,128,339,594
Columbia,1090,1608,0.45,715,0.376,505,0.733,275,1000,405,163,72,354,432
Connecticut,1300,1856,0.433,791,0.364,629,0.706,371,1176,440,163,97,400,543
Coppin State,1305,1897,0.427,732,0.337,713,0.725,379,1332,449,181,102,404,494
Cornell,1150,1785,0.453,663,0.389,516,0.725,316,1042,407,186,101,320,529
Creighton,1330,2093,0.433,785,0.332,512,0.721,303,1160,460,200,99,387,529
Dartmouth,1085,1552,0.466,631,0.349,386,0.782,233,901,378,167,78,337,458
Davidson,1335,1826,0.439,761,0.35,540,0.685,258,1042,417,158,83,352,525
Dayton,1260,1755,0.47,684,0.383,513,0.715,277,980,457,186,74,388,540
Delaware State,1300,1822,0.464,813,0.385,646,0.703,367,1146,478,240,106,410,488
Delaware,1330,1909,0.455,740,0.37,574,0.725,297,1139,453,176,99,338,605
Denver,1220,1719,0.434,746,0.335,618,0.723,250,929,330,199,87,335,554
DePaul,1245,1788,0.44,770,0.371,578,0.742,303,1083,463,219,93,447,557
Detroit Mercy,1285,1989,0.482,751,0.397,743,0.709,356,1230,525,210,140,434,582
Drake,1390,2076,0.451,784,0.337,504,0.708,322,1235,509,203,122,413,590
Drexel,1340,2054,0.462,672,0.366,636,0.706,371,1204,472,217,108,374,605
Duke,1490,2364,0.405,871,0.32,526,0.728,432,1216,537,210,97,453,671
Duquesne,1310,1771,0.453,573,0.335,645,0.693,309,1094,451,171,95,401,560
East Carolina,1215,1808,0.452,637,0.353,562,0.685,350,1108,476,199,102,360,482
East Tennessee State,1360,1929,0.403,783,0.319,622,0.699,352,1128,375,207,108,500,599
Eastern Illinois,1245,1696,0.436,643,0.383,551,0.715,308,1070,416,194,99,410,517
Eastern Kentucky,1245,1801,0.471,654,0.391,619,0.674,327,1106,475,217,106,412,556
Eastern Michigan,1415,2013,0.404,792,0.351,599,0.723,411,1244,516,240,107,506,591
Eastern Washington,1410,1983,0.446,673,0.358,711,0.719,289,1181,464,192,77,413,594
Elon,1320,2037,0.438,901,0.368,458,0.701,341,1224,420,208,95,327,498
Evansville,1285,1696,0.42,728,0.338,545,0.688,278,1025,400,229,136,437,594
Fairfield,1345,1946,0.455,690,0.393,716,0.707,317,1243,422,198,91,457,597
Fairleigh Dickinson,1240,1851,0.439,705,0.355,639,0.745,382,1144,454,207,89,451,564
Florida A&M,1385,2027,0.475,697,0.349,727,0.708,426,1329,475,213,111,458,593
Florida Atlantic,1245,1827,0.431,584,0.329,583,0.693,303,1167,371,201,89,393,466
Florida Gulf Coast,1400,2092,0.423,818,0.326,712,0.674,358,1151,452,245,96,494,620
Florida International,1310,1841,0.434,709,0.339,643,0.684,321,1257,431,155,112,467,563
Florida State,1420,2129,0.417,802,0.355,689,0.714,383,1228,432,204,104,494,658
Florida,1375,1946,0.428,650,0.352,629,0.731,362,1273,394,150,105,468,607
Fordham,1250,1738,0.464,584,0.351,528,0.686,334,1193,496,179,100,440,455
Fresno State,1295,1725,0.434,601,0.366,658,0.734,254,1001,378,158,96,432,646
Furman,1325,1905,0.433,708,0.316,550,0.702,319,1152,402,178,105,489,539
Gardner-Webb,1300,1839,0.434,752,0.34,639,0.712,295,1109,465,223,108,404,486
George Mason,1345,1994,0.451,788,0.353,614,0.686,322,1173,465,210,141,376,584
George Washington,1320,1891,0.453,642,0.357,532,0.707,330,1084,441,215,81,374,527
Georgetown,1235,1870,0.439,744,0.348,529,0.743,289,1009,459,213,103,377,570
Georgia Southern,1325,1916,0.426,758,0.323,661,0.663,383,1272,394,140,121,486,677
Georgia State,1415,1963,0.393,901,0.341,727,0.697,416,1296,457,174,117,501,577
Georgia Tech,1285,1791,0.429,599,0.379,569,0.715,331,1082,457,203,104,403,543
Georgia,1340,1975,0.394,743,0.332,547,0.729,363,1124,347,195,103,318,665
Gonzaga,1500,2178,0.409,777,0.35,633,0.716,316,1160,411,190,101,455,681
Grambling,1250,1820,0.435,657,0.318,778,0.679,357,1160,398,202,143,465,649
Grand Canyon,1370,1906,0.402,580,0.278,734,0.706,357,1238,328,203,81,511,746
Green Bay,1330,2087,0.431,811,0.312,631,0.71,372,1307,450,229,143,450,623
Hampton,1370,2175,0.42,786,0.328,761,0.682,409,1323,454,196,121,438,643
Hartford,1325,1869,0.439,767,0.342,622,0.669,322,1149,453,194,98,407,561
Harvard,1305,1718,0.422,682,0.342,606,0.736,250,1030,395,214,79,405,545
Hawaii,1215,1618,0.441,590,0.332,619,0.722,232,965,299,187,87,423,638
High Point,1205,1581,0.426,611,0.344,593,0.734,283,976,330,190,132,441,512
Hofstra,1245,1831,0.477,653,0.363,586,0.703,282,1042,432,185,90,362,608
Holy Cross,1250,1653,0.431,735,0.354,561,0.736,330,1074,425,196,66,399,469
Houston Baptist,1250,1895,0.481,687,0.394,687,0.76,313,1177,509,200,164,456,627
Houston,1400,1887,0.394,715,0.323,785,0.703,320,1126,386,175,92,457,648
Howard,1345,1992,0.467,719,0.349,773,0.7,424,1313,518,186,104,465,646
Idaho State,1200,1789,0.456,616,0.338,555,0.706,286,1041,353,177,86,358,587
Idaho,1245,1781,0.419,754,0.346,535,0.712,264,939,365,164,68,342,572
Illinois-Chicago,1445,2265,0.406,766,0.32,744,0.691,420,1335,543,258,139,465,673
Illinois State,1350,1944,0.426,771,0.311,738,0.707,382,1288,470,213,104,426,589
Illinois,1295,1669,0.472,582,0.344,802,0.731,295,1063,410,203,150,543,654
Incarnate Word,1120,1746,0.444,584,0.363,565,0.71,365,1076,378,210,114,385,552
Indiana State,1275,1714,0.443,633,0.355,706,0.72,253,1074,384,209,121,439,591
Indiana,1255,1752,0.441,640,0.367,564,0.704,315,1055,404,201,124,417,587
Iona,1385,2102,0.461,745,0.358,602,0.659,379,1280,505,172,95,464,577
Iowa State,1250,1936,0.442,769,0.339,513,0.713,353,1158,445,185,107,356,553
Iowa,1330,2061,0.462,755,0.376,579,0.703,338,1092,537,232,97,365,645
Purdue-Fort Wayne,1325,1999,0.462,752,0.354,568,0.741,286,1176,431,174,73,500,582
IUPUI,1205,1614,0.47,608,0.347,612,0.737,275,1022,408,224,127,441,524
Jackson State,1295,1599,0.45,591,0.347,736,0.704,311,1202,380,152,102,474,508
Jacksonville State,1450,2016,0.407,836,0.329,642,0.704,336,1169,417,228,93,473,627
Jacksonville,1345,2043,0.444,790,0.313,571,0.737,342,1219,442,224,119,465,582
James Madison,1310,1804,0.45,711,0.366,745,0.714,309,1158,458,186,107,426,603
Kansas State,1485,1980,0.425,791,0.33,728,0.732,386,1259,459,208,91,533,673
Kansas,1565,2419,0.426,947,0.333,595,0.713,453,1371,500,216,138,501,656
Kennesaw State,1205,1802,0.478,613,0.326,566,0.714,327,1057,443,190,86,402,518
Kent State,1370,1998,0.446,735,0.337,656,0.716,352,1194,468,190,106,438,632
Kentucky,1485,2242,0.404,955,0.301,725,0.692,437,1240,472,212,134,436,761
La Salle,1315,1858,0.452,633,0.381,627,0.703,281,1136,376,201,94,397,554
Lafayette,1245,1886,0.454,716,0.345,498,0.699,301,1088,391,184,94,318,543
Lamar,1340,1809,0.447,629,0.342,669,0.692,306,1179,433,185,127,553,658
Lehigh,1230,1849,0.448,815,0.345,563,0.703,291,1079,476,193,100,356,459
Liberty,1510,1899,0.416,864,0.366,626,0.73,237,1096,431,218,89,454,636
Lipscomb,1340,2002,0.449,730,0.341,751,0.691,292,1169,444,233,144,511,712
Long Beach State,1330,2040,0.468,699,0.365,558,0.754,347,1137,498,253,110,449,664
Long Island University,1405,2209,0.44,743,0.326,702,0.692,401,1275,458,232,91,423,714
Longwood,1320,1938,0.442,804,0.327,650,0.723,363,1244,428,256,97,419,552
Louisiana,1365,1958,0.434,631,0.336,721,0.691,329,1099,367,197,105,506,637
Louisiana-Monroe,1290,1796,0.429,774,0.344,536,0.707,310,1108,463,165,125,422,464
Louisiana State,1325,1922,0.455,785,0.353,626,0.696,361,1130,418,186,113,450,593
Louisiana Tech,1325,1900,0.441,635,0.362,600,0.708,330,1155,438,185,113,427,605
Louisville,1460,2208,0.413,757,0.329,646,0.706,438,1331,404,217,115,482,609
Loyola (IL),1520,2118,0.414,786,0.323,523,0.706,335,1158,439,252,119,484,627
Loyola Marymount,1250,1645,0.497,626,0.38,687,0.723,277,996,501,187,147,416,557
Loyola (MD),1255,1714,0.47,628,0.36,674,0.727,265,1064,404,188,152,414,559
Maine,1295,1894,0.44,755,0.338,685,0.711,348,1236,444,236,112,434,526
Manhattan,1260,1681,0.437,620,0.345,689,0.713,335,1045,435,241,69,458,637
Marist,1260,1976,0.453,778,0.369,589,0.74,342,1139,472,227,93,332,570
Marquette,1415,2010,0.478,679,0.359,782,0.747,334,1160,523,206,93,450,593
Marshall,1455,2399,0.441,747,0.355,684,0.681,458,1466,539,239,95,515,675
Maryland-Baltimore County,1440,2012,0.439,819,0.344,618,0.676,339,1289,458,238,96,529,678
Maryland-Eastern Shore,1280,1879,0.469,750,0.361,616,0.711,373,1261,525,198,108,355,525
Maryland,1285,1909,0.409,723,0.337,452,0.739,334,994,408,214,113,351,587
Massachusetts-Lowell,1205,1772,0.486,584,0.37,589,0.706,318,1091,424,211,99,439,621
Massachusetts,1350,1927,0.456,654,0.347,640,0.75,330,1132,526,209,109,375,504
McNeese State,1170,1878,0.429,627,0.344,562,0.681,361,1118,407,187,86,357,532
Memphis,1380,1947,0.432,801,0.37,630,0.702,395,1118,502,248,117,433,701
Mercer,1380,1859,0.437,893,0.355,601,0.719,275,996,502,202,119,397,626
Miami (FL),1290,1841,0.431,655,0.328,517,0.712,314,1088,423,182,108,412,526
Miami (OH),1390,2002,0.44,749,0.328,559,0.708,305,1174,404,217,120,433,520
Michigan State,1405,2108,0.367,748,0.337,647,0.728,369,1058,419,207,88,349,698
Michigan,1655,2227,0.426,676,0.328,663,0.721,341,1353,412,172,129,530,729
Middle Tennessee,1330,1713,0.431,643,0.314,714,0.714,240,1003,385,184,88,438,566
Milwaukee,1330,1865,0.435,698,0.377,504,0.744,264,1108,408,192,134,406,547
Minnesota,1295,2000,0.438,714,0.375,542,0.705,355,1223,502,177,152,364,594
Mississippi State,1490,2160,0.418,825,0.332,626,0.685,410,1264,446,201,116,498,610
Mississippi Valley State,1300,1823,0.473,747,0.368,715,0.701,344,1273,489,194,171,445,556
Mississippi,1300,1933,0.441,761,0.378,713,0.712,361,1230,531,180,116,397,612
Missouri-Kansas City,1285,1850,0.454,643,0.353,769,0.702,359,1295,438,171,115,481,588
Missouri State,1325,1898,0.41,697,0.331,565,0.722,301,1085,381,180,106,326,537
Missouri,1330,1949,0.408,706,0.327,586,0.725,343,1079,376,217,117,365,649
Monmouth,1280,1805,0.433,825,0.354,750,0.691,308,1071,415,211,120,413,657
Montana State,1295,1884,0.476,701,0.352,684,0.706,287,1165,412,189,106,425,658
Montana,1380,1825,0.43,584,0.358,764,0.723,295,1102,343,168,129,522,674
Morehead State,1165,1634,0.468,661,0.352,635,0.694,282,983,461,196,103,407,564
Morgan State,1260,1772,0.446,687,0.348,736,0.702,334,1126,449,194,119,463,665
Mount St. Mary's,1295,1870,0.45,700,0.347,509,0.735,375,1204,434,187,77,438,533
Murray State,1280,1841,0.413,649,0.307,547,0.724,314,1005,322,173,105,402,579
Navy,1285,1645,0.452,678,0.364,549,0.71,215,939,399,205,119,465,600
Omaha,1260,1981,0.48,739,0.373,546,0.751,318,1136,460,187,119,366,502
Nebraska,1325,2025,0.423,597,0.322,537,0.672,430,1257,411,168,120,412,627
Nevada-Las Vegas,1345,2208,0.431,704,0.352,578,0.739,401,1149,416,221,103,382,731
Nevada,1500,2248,0.433,868,0.317,677,0.709,393,1347,480,165,105,474,710
New Hampshire,1240,1648,0.432,639,0.332,663,0.677,217,1016,301,181,84,315,546
New Mexico State,1365,1919,0.398,715,0.31,612,0.711,282,1103,320,166,82,463,603
New Mexico,1365,1925,0.484,603,0.378,766,0.719,334,1217,461,201,113,562,683
New Orleans,1325,1780,0.462,609,0.371,645,0.701,321,1074,458,242,115,507,659
Niagara,1330,2200,0.46,761,0.38,646,0.706,395,1284,537,167,126,387,663
Nicholls State,1280,1868,0.441,615,0.335,820,0.679,349,1155,412,223,118,552,599
NJIT,1210,1726,0.461,572,0.36,569,0.705,287,1038,375,187,129,440,513
Norfolk State,1325,1870,0.418,829,0.357,789,0.708,344,1177,476,180,113,495,595
North Carolina-Asheville,1385,1963,0.45,759,0.343,665,0.708,311,1120,471,216,97,446,575
North Carolina A&T,1415,2093,0.457,725,0.33,661,0.687,351,1215,482,205,107,463,692
North Carolina Central,1405,2030,0.417,786,0.33,663,0.715,359,1168,462,181,105,423,546
North Carolina-Greensboro,1430,1794,0.406,727,0.315,692,0.725,264,1070,348,245,79,528,579
North Carolina State,1325,1952,0.465,629,0.316,657,0.703,363,1164,457,205,131,487,599
North Carolina-Wilmington,1305,1970,0.477,770,0.387,707,0.693,285,1151,447,182,93,374,614
North Carolina,1485,2297,0.423,940,0.38,597,0.687,362,1216,541,228,176,433,657
North Dakota State,1285,1872,0.427,646,0.345,595,0.745,273,1061,337,189,85,325,517
North Dakota,1305,1923,0.49,671,0.374,652,0.732,314,1204,444,224,74,474,615
North Florida,1325,2350,0.477,673,0.342,549,0.734,452,1340,581,278,112,353,544
North Texas,1540,2165,0.426,803,0.328,833,0.715,328,1300,424,222,156,474,717
Northeastern,1335,1861,0.448,529,0.299,599,0.741,280,1035,345,200,81,412,589
Northern Arizona,1290,1828,0.47,774,0.389,666,0.74,302,1161,489,231,112,434,657
Northern Colorado,1535,2279,0.445,564,0.328,818,0.686,328,1360,384,203,107,497,734
Northern Illinois,1285,1866,0.461,763,0.359,592,0.694,317,1117,470,155,131,401,569
Northern Iowa,1285,1740,0.416,664,0.36,422,0.723,234,1055,346,195,109,356,564
Northern Kentucky,1280,1840,0.409,662,0.31,576,0.7,304,1058,359,180,113,450,547
Northwestern State,1160,1691,0.467,591,0.369,679,0.689,322,1081,438,248,106,403,528
Northwestern,1290,1669,0.437,636,0.357,621,0.712,278,1043,440,187,107,403,547
Notre Dame,1455,2176,0.424,817,0.35,480,0.706,380,1243,507,182,135,397,570
Oakland,1330,2066,0.451,635,0.373,575,0.725,350,1186,483,246,141,405,619
Ohio State,1375,1944,0.417,775,0.351,574,0.702,302,1078,405,174,90,418,598
Ohio,1280,1943,0.432,772,0.323,567,0.751,305,1200,389,189,109,415,551
Oklahoma State,1450,2094,0.437,720,0.367,745,0.726,400,1292,466,224,104,521,681
Oklahoma,1295,2178,0.443,810,0.362,559,0.703,383,1237,471,215,141,415,574
Old Dominion,1290,1735,0.407,713,0.338,525,0.676,294,1079,417,148,90,462,556
Oral Roberts,1310,1940,0.465,731,0.357,586,0.715,337,1122,531,200,116,350,526
Oregon State,1300,1771,0.432,650,0.348,677,0.731,317,1030,382,199,110,408,630
Oregon,1460,2033,0.433,801,0.356,738,0.757,325,1153,449,191,108,482,663
Pacific,1290,1760,0.453,707,0.364,619,0.748,287,1047,459,159,90,395,634
Penn State,1570,2182,0.425,733,0.342,700,0.706,378,1288,461,215,143,521,696
Pennsylvania,1355,1971,0.414,651,0.295,613,0.734,275,1192,323,174,97,406,609
Pepperdine,1290,1821,0.487,761,0.401,604,0.724,267,1045,550,181,131,344,608
Pittsburgh,1290,1894,0.439,704,0.334,592,0.708,390,1205,483,214,134,329,514
Portland State,1375,1972,0.475,684,0.367,822,0.697,343,1263,513,212,143,615,667
Portland,1290,1926,0.435,793,0.342,609,0.698,352,1187,485,173,83,351,599
Prairie View,1370,1877,0.468,690,0.333,899,0.691,371,1251,437,211,116,563,697
Presbyterian,1285,1769,0.473,652,0.365,498,0.725,296,1099,444,164,89,371,522
Princeton,1200,1644,0.449,614,0.355,521,0.747,231,987,332,154,90,336,498
Providence,1425,2054,0.444,746,0.322,654,0.731,357,1268,444,227,128,469,675
Purdue,1485,2197,0.413,755,0.332,531,0.689,376,1204,443,190,94,448,688
Quinnipiac,1355,1960,0.463,722,0.396,589,0.728,324,1181,487,214,115,376,646
Radford,1465,1897,0.432,745,0.35,582,0.751,317,1135,413,198,120,469,601
Rhode Island,1370,1792,0.453,549,0.332,728,0.734,303,1170,397,187,105,536,591
Rice,1250,1897,0.448,796,0.357,518,0.701,318,1154,514,216,77,368,577
Richmond,1295,1805,0.489,635,0.372,566,0.739,284,1107,471,202,103,421,489
Rider,1285,1904,0.447,821,0.371,701,0.708,333,1171,481,198,146,493,693
Robert Morris,1325,1858,0.448,640,0.328,672,0.682,357,1218,408,215,124,525,587
Rutgers,1375,1898,0.414,722,0.32,575,0.701,341,1221,427,191,147,473,627
Sacramento State,1285,1803,0.455,662,0.373,619,0.761,312,1148,417,180,98,386,549
Sacred Heart,1245,1806,0.44,719,0.338,593,0.685,252,1006,376,207,104,327,535
Saint Francis (PA),1260,1936,0.461,729,0.35,451,0.696,339,1120,491,165,116,424,583
Saint Joseph's,1290,1980,0.42,905,0.337,487,0.706,296,1236,486,152,116,374,583
Saint Louis,1325,1750,0.428,634,0.35,601,0.727,293,1052,422,187,110,398,635
Saint Mary's (CA),1455,1999,0.442,619,0.323,495,0.717,265,988,424,197,106,345,589
Saint Peter's,1310,1659,0.413,721,0.329,701,0.719,308,1092,392,179,84,454,502
Sam Houston State,1445,1965,0.434,851,0.325,725,0.684,325,1220,461,185,149,517,682
Samford,1280,1960,0.488,866,0.373,536,0.75,361,1153,609,214,85,446,560
San Diego State,1320,1908,0.417,767,0.327,549,0.727,297,1077,440,201,109,443,636
San Diego,1370,1843,0.415,551,0.303,760,0.749,303,1131,317,199,97,409,666
San Francisco,1570,2151,0.434,678,0.327,782,0.756,327,1348,395,225,160,451,670
San Jose State,1210,1784,0.438,868,0.349,543,0.727,261,964,491,221,102,319,550
Santa Clara,1245,1637,0.502,501,0.399,538,0.71,243,1031,489,168,105,390,564
Savannah State,1295,2237,0.493,838,0.356,685,0.714,428,1527,649,205,117,576,611
Seattle,1375,1999,0.407,718,0.35,791,0.745,348,1181,387,238,109,386,666
Seton Hall,1370,2057,0.439,776,0.338,613,0.724,347,1149,442,201,111,431,664
Siena,1325,1831,0.447,647,0.349,771,0.702,322,1095,415,215,104,348,592
South Alabama,1285,1874,0.407,702,0.305,703,0.683,355,1198,380,202,123,429,605
South Carolina State,1290,1956,0.492,752,0.366,661,0.694,355,1202,487,183,122,456,622
South Carolina Upstate,1290,1929,0.501,697,0.412,678,0.74,330,1229,604,159,76,369,463
South Carolina,1330,1765,0.424,667,0.333,769,0.724,304,1116,380,244,173,487,684
South Dakota State,1415,2235,0.427,875,0.333,554,0.718,305,1243,410,172,91,371,670
South Dakota,1400,2096,0.41,793,0.329,583,0.729,346,1194,398,169,109,502,644
South Florida,1285,1816,0.451,663,0.33,592,0.681,334,1098,454,217,125,346,552
Southeast Missouri State,1250,1795,0.477,695,0.374,617,0.712,304,1067,431,153,121,383,567
Southeastern Louisiana,1360,1962,0.438,648,0.347,571,0.722,382,1199,372,194,121,497,666
Southern California,1460,2124,0.441,835,0.352,564,0.704,358,1219,496,187,105,483,631
SIU Edwardsville,1200,1664,0.476,590,0.368,764,0.734,292,1075,428,206,106,369,528
Southern Illinois,1340,1827,0.438,717,0.333,616,0.713,323,1129,412,219,90,445,587
Southern Methodist,1320,1763,0.422,766,0.338,539,0.681,346,1096,475,159,111,461,550
Southern Mississippi,1365,1865,0.461,847,0.367,594,0.707,304,1218,480,147,86,475,523
Southern Utah,1290,1868,0.477,642,0.38,768,0.725,277,1150,409,185,105,404,651
Southern,1330,1927,0.422,701,0.337,716,0.705,352,1207,398,199,133,410,656
St. Bonaventure,1380,1917,0.421,829,0.321,737,0.715,353,1186,463,181,133,488,663
St. Francis (NY),1260,1720,0.471,551,0.338,769,0.717,317,1180,349,184,96,462,557
St. John's (NY),1345,1922,0.42,824,0.369,653,0.734,378,1306,472,180,78,535,587
Stanford,1410,2202,0.433,794,0.351,644,0.675,359,1170,455,237,155,405,700
Stephen F. Austin,1400,1796,0.428,689,0.357,878,0.688,325,1124,450,260,126,691,717
Stetson,1290,1891,0.466,719,0.374,664,0.7,295,1217,462,182,113,445,503
Stony Brook,1290,1740,0.437,627,0.351,720,0.704,306,1143,371,220,130,478,593
Syracuse,1500,2046,0.391,910,0.318,642,0.731,400,1237,591,228,116,469,679
Temple,1330,1907,0.438,706,0.324,600,0.708,376,1257,441,172,100,418,479
Tennessee-Martin,1255,1798,0.425,869,0.357,592,0.701,353,1107,524,211,78,421,469
Tennessee State,1220,1586,0.431,760,0.357,542,0.688,267,1000,431,166,91,473,539
Tennessee Tech,1325,1918,0.437,747,0.325,675,0.695,347,1208,447,197,129,494,634
Tennessee,1410,1917,0.409,699,0.318,720,0.71,383,1194,383,194,112,484,674
Texas A&M-Corpus Christi,1170,1550,0.438,646,0.347,703,0.676,286,976,413,220,86,445,556
Texas A&M,1400,2186,0.408,821,0.326,603,0.688,378,1222,512,227,135,379,616
Texas-Arlington,1365,2070,0.412,919,0.335,701,0.693,363,1221,455,243,88,490,646
Texas Christian,1345,1958,0.457,697,0.376,598,0.731,291,1001,511,206,141,410,612
Texas-El Paso,1240,1766,0.428,738,0.355,636,0.665,298,1186,396,170,55,380,532
Texas-Rio Grande Valley,1330,1955,0.448,648,0.353,865,0.699,364,1329,500,198,122,515,702
Texas-San Antonio,1405,2112,0.416,842,0.344,854,0.679,346,1335,444,183,120,430,608
Texas Southern,1450,2320,0.452,764,0.366,724,0.667,442,1381,569,191,145,426,757
Texas State,1330,1775,0.443,698,0.324,527,0.71,288,1041,411,207,137,442,597
Texas Tech,1490,2008,0.401,770,0.323,762,0.703,368,1199,377,222,138,554,766
Texas,1410,2028,0.425,714,0.332,532,0.712,353,1216,420,181,100,425,606
Toledo,1360,2157,0.437,703,0.343,556,0.732,363,1195,366,206,117,323,624
Towson,1300,1800,0.43,703,0.34,692,0.711,313,1048,418,181,92,424,603
Troy,1330,1993,0.434,748,0.341,607,0.697,354,1202,406,209,84,386,575
Tulane,1250,1828,0.446,623,0.345,632,0.714,330,1111,385,214,91,374,571
Tulsa,1255,1888,0.42,821,0.343,478,0.688,350,1085,442,197,117,382,625
UCLA,1350,2105,0.423,829,0.346,625,0.701,347,1195,451,201,81,351,630
Utah State,1365,1932,0.449,726,0.36,631,0.743,300,1143,452,218,97,411,609
Utah Valley,1365,2047,0.413,721,0.32,554,0.699,329,1073,495,251,107,419,648
Utah,1410,2043,0.419,786,0.336,589,0.716,360,1211,406,212,105,415,679
Valparaiso,1280,1739,0.421,611,0.314,741,0.71,309,1075,406,201,88,450,606
Vanderbilt,1290,1806,0.466,562,0.374,660,0.721,293,1065,393,155,133,316,572
Vermont,1400,1928,0.438,726,0.342,478,0.713,255,1007,417,195,110,386,698
Villanova,1615,2401,0.428,858,0.317,641,0.747,378,1306,532,193,105,512,698
Virginia Commonwealth,1335,1992,0.45,736,0.351,585,0.715,318,1155,470,230,87,425,552
VMI,1200,1729,0.444,727,0.34,602,0.719,312,1141,417,213,94,410,469
Virginia Tech,1335,1965,0.43,842,0.347,577,0.697,346,1130,460,174,124,433,572
Virginia,1365,1703,0.38,694,0.31,447,0.732,280,1048,308,130,87,432,510
Wagner,1325,1774,0.412,649,0.357,816,0.689,331,1112,380,186,125,479,675
Wake Forest,1240,1751,0.44,702,0.377,683,0.732,296,1064,440,202,112,380,548
Washington State,1250,1897,0.465,759,0.349,541,0.706,340,1129,453,188,92,354,501
Washington,1375,1983,0.447,704,0.335,682,0.692,392,1200,533,207,113,513,656
Weber State,1255,1851,0.429,601,0.331,587,0.695,298,1070,381,183,73,369,567
West Virginia,1485,1962,0.426,758,0.38,866,0.712,375,1268,462,204,148,612,695
Western Carolina,1280,1824,0.46,790,0.357,636,0.722,344,1191,489,250,124,490,548
Western Illinois,1135,1701,0.425,665,0.356,467,0.698,255,991,349,180,65,319,454
Western Kentucky,1525,2304,0.429,846,0.356,545,0.725,403,1275,523,199,125,488,734
Western Michigan,1285,1803,0.454,780,0.372,585,0.723,287,1096,424,166,94,440,576
Wichita State,1330,1922,0.421,776,0.363,639,0.726,271,1005,356,200,111,379,658
William & Mary,1255,1907,0.487,717,0.363,596,0.696,276,1002,469,199,94,332,523
Winthrop,1240,1847,0.418,689,0.332,598,0.746,311,1070,347,229,88,425,592
Wisconsin,1325,1740,0.459,528,0.35,526,0.753,271,1023,378,175,122,386,611
Wofford,1360,1857,0.449,803,0.357,616,0.734,282,1088,474,210,81,438,535
Wright State,1410,1965,0.415,775,0.346,573,0.71,303,1178,420,204,102,531,702
Wyoming,1365,2022,0.444,700,0.371,752,0.719,315,1288,461,203,79,483,708
Xavier,1415,2192,0.431,902,0.334,562,0.76,296,1095,492,238,127,400,731
Yale,1250,1793,0.46,631,0.339,589,0.723,277,1061,428,214,80,397,539
Youngstown State,1290,1852,0.509,642,0.402,724,0.695,294,1122,524,225,145,497,565