year,team1,team2,score1,score2,pscore1,pscore2,winner,pwinner,correct,probability
2017,Villanova,Mount St. Mary's,76,56,86.3051087775874,58.50473189935843,Villanova,Villanova,1,0.9890524040323884
2017,Wisconsin,Virginia Tech,84,74,81.35066456228299,67.39909479675748,Wisconsin,Wisconsin,1,0.8749954014735977
2017,Virginia,North Carolina-Wilmington,76,71,78.6122255110633,70.75500370159152,Virginia,Virginia,1,0.7414555421960854
2017,Florida,East Tennessee State,80,65,83.61969124478199,65.50741527803056,Florida,Florida,1,0.932331554731273
2017,Southern Methodist,Southern California,65,66,72.23233256408963,64.11857687637006,Southern California,Southern Methodist,0,0.7482493440327042
2017,Baylor,New Mexico State,91,73,74.07134705795589,66.74588261885737,Baylor,Baylor,1,0.7270765515302962
2017,South Carolina,Marquette,93,73,81.75453264428343,73.47525240266827,South Carolina,South Carolina,1,0.7525823793010347
2017,Duke,Troy,87,65,90.40622403706598,66.04150177218052,Duke,Duke,1,0.9777264736290493
2017,Villanova,Wisconsin,62,65,69.47257873140268,67.58628815378898,Wisconsin,Villanova,0,0.5617972138670572
2017,Virginia,Florida,39,65,60.893656426998675,66.16361831275258,Florida,Florida,1,0.3319569054915189
2017,Wisconsin,Florida,83,84,67.85437178510408,72.02328867100346,Florida,Florida,1,0.36552346750362136
2017,Southern California,Baylor,78,82,63.821061781624564,75.05963324356361,Baylor,Baylor,1,0.17705766932084216
2017,South Carolina,Duke,88,81,69.83887762985255,74.23741452260549,South Carolina,Duke,0,0.3584273094303332
2017,Baylor,South Carolina,50,70,65.92977095361812,67.40294177085178,South Carolina,South Carolina,1,0.4516613447793581
2017,Florida,South Carolina,70,77,71.62000471213912,66.04985851349345,South Carolina,Florida,0,0.6769786297851347
2017,Kansas,UC-Davis,100,62,89.6647367222763,64.61169515413005,Kansas,Kansas,1,0.9805696741731215
2017,Miami (FL),Michigan State,58,78,70.82037675519169,66.31597037896337,Michigan State,Miami (FL),0,0.6448282509463574
2017,Kansas,Michigan State,90,70,80.81128256647938,69.41702656691811,Kansas,Kansas,1,0.8262559834288126
2017,Iowa State,Nevada,84,73,82.30644640476007,73.94800307053609,Iowa State,Iowa State,1,0.7546405016630466
2017,Purdue,Vermont,80,70,75.200816203897,68.71208809254293,Purdue,Purdue,1,0.7036767959020822
2017,Creighton,Rhode Island,72,84,75.27993641967268,77.55216107593193,Rhode Island,Rhode Island,1,0.4256938173452419
2017,Oregon,Iona,93,77,92.83141879521432,69.15051746838408,Oregon,Oregon,1,0.9745620148635075
2017,Michigan,Oklahoma State,92,91,89.61933172885011,74.77940927261017,Michigan,Michigan,1,0.8894433252735661
2017,Louisville,Jacksonville State,78,63,81.4752325970067,56.510883945670116,Louisville,Louisville,1,0.9802215601223182
2017,Iowa State,Purdue,76,80,77.2130937615988,77.50552711553715,Purdue,Purdue,1,0.49038181455976304
2017,Kansas,Purdue,98,66,77.47589552834964,74.9828027635235,Kansas,Kansas,1,0.5814323328942836
2017,Rhode Island,Oregon,72,75,64.53313015379076,74.0542700097711,Oregon,Oregon,1,0.21621748896314186
2017,Kansas,Oregon,60,74,73.75594848296574,75.24358536668021,Oregon,Oregon,1,0.4511890387649547
2017,Michigan,Louisville,73,69,73.9196327925846,72.7171841493344,Michigan,Michigan,1,0.539487882232991
2017,Oregon,Michigan,69,68,71.1125069596988,74.89506443946443,Oregon,Michigan,0,0.3775668805945709
2017,North Carolina,Texas Southern,103,64,94.84093184028397,64.77518033755568,North Carolina,North Carolina,1,0.9934117800969149
2017,Arkansas,Seton Hall,77,71,79.41427557735574,79.40312460255741,Arkansas,Arkansas,1,0.5003667930457841
2017,Minnesota,Middle Tennessee,72,81,71.64230862928846,70.83746085428862,Middle Tennessee,Minnesota,0,0.5264547344369175
2017,Butler,Winthrop,76,64,82.97343469274264,71.58851508251001,Butler,Butler,1,0.8260583828884747
2017,Cincinnati,Kansas State,75,61,72.53282358432747,63.27853614163763,Cincinnati,Cincinnati,1,0.7772770514790955
2017,UCLA,Kent State,97,80,94.68926609943335,78.3409733646179,UCLA,UCLA,1,0.9111612085439064
2017,Dayton,Wichita State,58,64,58.99837227435502,72.42604860630115,Wichita State,Wichita State,1,0.13411858819188022
2017,Kentucky,Northern Kentucky,79,70,88.31868017277034,66.66488400094697,Kentucky,Kentucky,1,0.9629006938862431
2017,North Carolina,Arkansas,72,65,90.86848024293256,72.0441808883027,North Carolina,North Carolina,1,0.9396797291714587
2017,Middle Tennessee,Butler,65,74,67.99039556120607,73.76757863782748,Butler,Butler,1,0.3169171284886465
2017,North Carolina,Butler,92,80,80.09130762353908,70.70113428474683,North Carolina,North Carolina,1,0.7806035892399683
2017,Cincinnati,UCLA,67,79,78.44305738260121,79.023150582077,UCLA,UCLA,1,0.48092605470011984
2017,Wichita State,Kentucky,62,65,71.07266534859961,71.66490896512097,Kentucky,Kentucky,1,0.4805268531055017
2017,UCLA,Kentucky,75,86,80.37835509916651,86.26399652017895,Kentucky,Kentucky,1,0.31373900474665806
2017,North Carolina,Kentucky,75,73,81.68485484499858,77.25870446040066,North Carolina,North Carolina,1,0.6424228284880581
2017,Gonzaga,South Dakota State,66,46,87.18100740406928,56.307843714346106,Gonzaga,Gonzaga,1,0.9945445077721197
2017,Northwestern,Vanderbilt,68,66,68.22437185935499,66.07093774780114,Northwestern,Northwestern,1,0.5704632741850294
2017,Notre Dame,Princeton,60,58,77.05677757045837,69.98685004019931,Notre Dame,Notre Dame,1,0.7200283465793629
2017,West Virginia,Bucknell,86,80,83.23776938869904,65.92512035665908,West Virginia,West Virginia,1,0.9232753000719599
2017,Maryland,Xavier,65,76,67.95090353009019,71.30522711684334,Xavier,Xavier,1,0.3910556061713051
2017,Gonzaga,Xavier,83,59,73.1703435243841,60.97572087510666,Gonzaga,Gonzaga,1,0.8426633147792256
2017,Florida State,Florida Gulf Coast,86,80,86.16591415973545,76.3271202515635,Florida State,Florida State,1,0.7913811163431317
2017,Saint Mary's (CA),Virginia Commonwealth,86,77,74.07689663035387,70.85537429215333,Saint Mary's (CA),Saint Mary's (CA),1,0.6047337365531875
2017,Arizona,North Dakota,100,82,85.54191849031113,70.36271664024878,Arizona,Arizona,1,0.8946325253963588
2017,Gonzaga,Northwestern,79,73,72.26489331268655,59.18389295133311,Gonzaga,Gonzaga,1,0.859605216191053
2017,Notre Dame,West Virginia,71,83,69.79533791955413,77.6395807567154,West Virginia,West Virginia,1,0.25889068671348126
2017,Gonzaga,West Virginia,61,58,68.82180263913227,68.87346089318298,Gonzaga,West Virginia,0,0.4983007912703048
2017,Xavier,Florida State,91,66,73.91704473326179,78.49842937793133,Xavier,Florida State,0,0.3528112177222966
2017,Saint Mary's (CA),Arizona,60,69,66.37282505139785,69.20626111082174,Arizona,Arizona,1,0.40763965499817983
2017,Xavier,Arizona,73,71,64.96899867479362,70.58378566101797,Xavier,Arizona,0,0.32170107753748317
2017,Oregon,North Carolina,76,77,71.77020346759882,78.55134221897352,North Carolina,North Carolina,1,0.2880417328456895
2017,South Carolina,Gonzaga,73,77,63.51263630656517,68.49651567804017,Gonzaga,Gonzaga,1,0.34056265063316954
2017,North Carolina,Gonzaga,71,65,74.23765201474525,70.37367780318975,North Carolina,North Carolina,1,0.6249813740346607
2016,North Carolina,Florida Gulf Coast,83,67,90.80053715384001,73.39475791626394,North Carolina,North Carolina,1,0.9243751988377722
2016,Southern California,Providence,69,70,76.34612024826482,76.83760584038073,Providence,Providence,1,0.48383780807139104
2016,North Carolina,Providence,85,66,84.27932286967304,68.70042624402545,North Carolina,North Carolina,1,0.9005169031388265
2016,Indiana,Chattanooga,99,74,86.18007996791735,70.01527365227815,Indiana,Indiana,1,0.908703178740858
2016,Kentucky,Stony Brook,85,57,83.80630826047533,67.04288468409612,Kentucky,Kentucky,1,0.916540006352258
2016,Notre Dame,Michigan,70,63,72.84527931249008,69.11345303130622,Notre Dame,Notre Dame,1,0.6208425811348313
2016,West Virginia,Stephen F. Austin,56,70,67.12017920995055,67.78178373424723,Stephen F. Austin,Stephen F. Austin,1,0.4782483884598219
2016,Notre Dame,Stephen F. Austin,76,75,72.10906295713659,71.41105782317538,Notre Dame,Notre Dame,1,0.522947070312215
2016,Wisconsin,Pittsburgh,47,43,67.64340210221047,65.05948790297548,Wisconsin,Wisconsin,1,0.5843550242197272
2016,Xavier,Weber State,71,53,78.35938516706418,69.04570710038335,Xavier,Xavier,1,0.7787344799695968
2016,Indiana,Kentucky,73,67,76.065738205135,80.63318001239685,Indiana,Kentucky,0,0.3532383566951829
2016,Wisconsin,Xavier,66,63,66.1613751013113,66.24639302342602,Wisconsin,Xavier,0,0.4972034972572781
2016,North Carolina,Indiana,101,86,82.36122339015236,80.47513580831567,North Carolina,North Carolina,1,0.5617906169144395
2016,Notre Dame,Wisconsin,61,56,64.98986378792465,65.19901468777368,Notre Dame,Wisconsin,0,0.49312066382931663
2016,North Carolina,Notre Dame,88,74,79.25643917389232,72.29201396612139,North Carolina,North Carolina,1,0.717092865591492
2016,Kansas,Austin Peay,105,79,97.45221031805906,60.5521027899464,Kansas,Kansas,1,0.9988267625382083
2016,Colorado,Connecticut,67,74,72.35355752876865,75.45696144533144,Connecticut,Connecticut,1,0.39902170002994
2016,Kansas,Connecticut,73,61,80.08725609791247,68.53200070380298,Kansas,Kansas,1,0.8296409815405174
2016,Maryland,South Dakota State,79,74,77.83843254406966,71.62775326266687,Maryland,Maryland,1,0.6957023007599806
2016,University of California,Hawaii,66,77,75.49369511389978,68.72847707704577,Hawaii,University of California,0,0.7115101950510554
2016,Maryland,Hawaii,73,60,73.67917746241801,67.8615151749821,Maryland,Maryland,1,0.6842706195308175
2016,Arizona,Wichita State,55,65,65.98315611073582,63.02432009150316,Wichita State,Arizona,0,0.5963692148049965
2016,Miami (FL),Buffalo,79,72,87.9213686963731,66.07414789132292,Miami (FL),Miami (FL),1,0.964174941251377
2016,Iowa,Temple,72,70,72.63730009964871,67.56547285402557,Iowa,Iowa,1,0.6620920471018666
2016,Villanova,North Carolina-Asheville,86,56,80.48147270006017,62.22938929510414,Villanova,Villanova,1,0.9338264675744414
2016,Wichita State,Miami (FL),57,65,59.882842023265425,63.23561052142401,Miami (FL),Miami (FL),1,0.3911048397602701
2016,Iowa,Villanova,68,87,64.16587477821062,75.35421002320122,Villanova,Villanova,1,0.17813538237469023
2016,Miami (FL),Villanova,69,92,68.16032552863689,71.12919101403179,Villanova,Villanova,1,0.4033105873461202
2016,Kansas,Villanova,59,64,75.23857540341837,71.81369030029431,Villanova,Kansas,0,0.6111764995603418
2016,Kansas,Maryland,79,63,80.08546432418693,68.99451087791262,Kansas,Kansas,1,0.8197637464353427
2016,Oregon,Holy Cross,91,52,87.73419285657936,55.59947611659982,Oregon,Oregon,1,0.9959700921811925
2016,Saint Joseph's,Cincinnati,78,76,63.39511787924643,73.62143423733501,Saint Joseph's,Cincinnati,0,0.19956542114217368
2016,Baylor,Yale,75,79,71.97656553388886,69.1513044682475,Yale,Baylor,0,0.5920986603241113
2016,Duke,North Carolina-Wilmington,93,85,81.68351271477152,74.90062940879487,Duke,Duke,1,0.7120073458705176
2016,Texas,Northern Iowa,72,75,68.85751085022963,64.51688524509342,Northern Iowa,Texas,0,0.6397874967445482
2016,Texas A&M,Green Bay,92,65,94.46916285100065,73.67042813468848,Texas A&M,Texas A&M,1,0.9568169042247602
2016,Oregon State,Virginia Commonwealth,67,75,71.73989322225553,77.61823299520786,Virginia Commonwealth,Virginia Commonwealth,1,0.31395253295580405
2016,Oklahoma,Cal State Bakersfield,82,68,79.70079102146755,68.38906741130816,Oklahoma,Oklahoma,1,0.8245042734818604
2016,Oregon,Saint Joseph's,69,64,78.89560635662174,65.61390160928136,Oregon,Oregon,1,0.8632626449972765
2016,Yale,Duke,64,71,67.87610139568072,74.37138754517964,Duke,Duke,1,0.29613628000031367
2016,Oregon,Duke,82,68,75.7535231568122,73.90637818749849,Oregon,Oregon,1,0.5605247452008304
2016,Northern Iowa,Texas A&M,88,92,65.8435159968075,72.09011858437094,Texas A&M,Texas A&M,1,0.30326204889687114
2016,Virginia Commonwealth,Oklahoma,81,85,75.75248242162505,82.4229521867952,Oklahoma,Oklahoma,1,0.2911631679235406
2016,Texas A&M,Oklahoma,63,77,74.33639282006052,75.62750453951199,Oklahoma,Oklahoma,1,0.4576110663001175
2016,Oregon,Oklahoma,68,80,78.10456088994673,76.52205946427443,Oklahoma,Oregon,0,0.5519064734846064
2016,Villanova,Oklahoma,95,51,76.9993609021922,71.36854668655118,Villanova,Villanova,1,0.678772394976731
2016,Virginia,Hampton,81,45,91.81232181059717,62.10168701012944,Virginia,Virginia,1,0.9928509316260913
2016,Texas Tech,Butler,61,71,69.26051734787754,76.1972479976249,Butler,Butler,1,0.2836801455656219
2016,Virginia,Butler,77,69,73.81480155968231,66.95087371410395,Virginia,Virginia,1,0.7142829695421454
2016,Purdue,Little Rock,83,85,73.52633742252038,67.73072794821994,Little Rock,Purdue,0,0.6836237770090019
2016,Iowa State,Iona,94,81,90.4157620255352,77.50067430835627,Iowa State,Iowa State,1,0.8565320761929351
2016,Seton Hall,Gonzaga,52,68,67.44825842735018,73.22133983188364,Gonzaga,Gonzaga,1,0.3170375860788966
2016,Utah,Fresno State,80,69,76.97944783487898,70.84422409184658,Utah,Utah,1,0.6935218458707796
2016,Dayton,Syracuse,51,70,63.286688743536175,70.49663334362931,Syracuse,Syracuse,1,0.27609879146943417
2016,Gonzaga,Syracuse,60,63,68.73947873608155,67.40929175935717,Syracuse,Gonzaga,0,0.5436667667855809
2016,Virginia,Syracuse,62,68,69.06011513692944,62.666947674336114,Syracuse,Virginia,0,0.7009469102266568
2016,Michigan State,Middle Tennessee,81,90,83.64936456218238,66.62093163360623,Middle Tennessee,Michigan State,0,0.9198433811178651
2016,Syracuse,Middle Tennessee,75,50,75.10217566872343,64.56189106211515,Syracuse,Syracuse,1,0.8075932976902662
2016,Little Rock,Iowa State,61,78,74.45744279843568,76.95766656145958,Iowa State,Iowa State,1,0.41833802214468135
2016,Virginia,Iowa State,84,71,77.48619158187323,69.83545600844477,Virginia,Virginia,1,0.7359189841859454
2016,Gonzaga,Utah,82,59,71.51963833976659,69.52611282311078,Gonzaga,Gonzaga,1,0.5652796878390123
2016,Syracuse,North Carolina,66,83,70.74299486788682,78.37318022195679,North Carolina,North Carolina,1,0.26463531985502453
2016,Villanova,North Carolina,77,74,76.66388686342141,76.14997023029886,Villanova,Villanova,1,0.5168993907538775
2015,Villanova,Lafayette,93,52,80.42888930648036,56.71568565277845,Villanova,Villanova,1,0.9747195477418612
2015,North Carolina State,Louisiana State,66,65,73.12514370092262,67.7470855639675,North Carolina State,North Carolina State,1,0.6712721405659366
2015,Northern Iowa,Wyoming,71,54,67.63506932101974,54.00995886383981,Northern Iowa,Northern Iowa,1,0.869368297910969
2015,Louisville,UC-Irvine,57,55,68.81188130720362,59.0766582498419,Louisville,Louisville,1,0.7889210604983444
2015,Providence,Dayton,53,66,60.045756156016836,60.062185303775394,Dayton,Dayton,1,0.4994595901917954
2015,Oklahoma,Albany (NY),69,60,70.34582489451492,59.13642491879418,Oklahoma,Oklahoma,1,0.8223170198600006
2015,Michigan State,Georgia,70,63,66.69443698241656,59.42041841693947,Michigan State,Michigan State,1,0.7256646756677703
2015,Virginia,Belmont,79,67,76.23780594176039,61.298135956399236,Virginia,Virginia,1,0.8909875994389895
2015,Villanova,North Carolina State,68,71,71.84733478112467,61.056287847962025,North Carolina State,Villanova,0,0.8131965405501727
2015,Northern Iowa,Louisville,53,66,61.56378145150768,62.233577106234804,Louisville,Louisville,1,0.4779793601662765
2015,North Carolina State,Louisville,65,75,62.45861461684501,66.67233328477447,Louisville,Louisville,1,0.36413520869900495
2015,Dayton,Oklahoma,66,72,60.34194695568712,65.82812405575928,Oklahoma,Oklahoma,1,0.32551087533840795
2015,Michigan State,Virginia,60,54,65.48404299612646,62.36814712439707,Michigan State,Michigan State,1,0.6013759159174497
2015,Oklahoma,Michigan State,58,62,66.19904199081896,68.6762470391487,Michigan State,Michigan State,1,0.4190794110287251
2015,Louisville,Michigan State,70,76,64.00052187229369,64.7800595155312,Michigan State,Michigan State,1,0.474376026787559
2015,Duke,Michigan State,81,61,72.53172908760178,64.06620977326976,Duke,Duke,1,0.7574096120664233
2015,Kentucky,Hampton,79,56,83.93985252198348,49.629087085145215,Kentucky,Kentucky,1,0.9976651113501116
2015,Cincinnati,Purdue,66,65,61.67756629714006,58.29449304536945,Cincinnati,Cincinnati,1,0.609854283405302
2015,West Virginia,Buffalo,68,62,65.13462649314309,63.402627055030706,West Virginia,West Virginia,1,0.5567782419048167
2015,Maryland,Valparaiso,65,62,67.4052116080067,60.76574000309749,Maryland,Maryland,1,0.7079597011429944
2015,Butler,Texas,56,48,65.2247479754781,59.992520418599625,Butler,Butler,1,0.6669129355073838
2015,Notre Dame,Northeastern,69,65,78.93511725638754,61.20664656647054,Notre Dame,Notre Dame,1,0.9280934857706402
2015,Wichita State,Indiana,81,76,72.2022401349808,67.47136197557175,Wichita State,Wichita State,1,0.6517567660069172
2015,Kansas,New Mexico State,75,56,67.7412480001887,63.12270624921315,Kansas,Kansas,1,0.6483261836892941
2015,Kentucky,Cincinnati,64,51,64.70019899772342,51.98543401564973,Kentucky,Kentucky,1,0.8527614716823911
2015,West Virginia,Maryland,69,59,56.61773153976394,64.49120019552035,West Virginia,Maryland,0,0.25811139282779094
2015,Butler,Notre Dame,64,67,66.36294722617671,69.31447701777155,Notre Dame,Notre Dame,1,0.4038640823996035
2015,Kentucky,Notre Dame,68,66,70.05708310743293,64.29661925188327,Kentucky,Kentucky,1,0.682591741176584
2015,Wichita State,Kansas,78,65,64.91926213209094,62.35561307262661,Wichita State,Wichita State,1,0.5837032774605244
2015,Kentucky,West Virginia,78,39,68.63048729583076,50.57480989318583,Kentucky,Kentucky,1,0.931718998496138
2015,Notre Dame,Wichita State,81,70,68.81061901072472,66.66126515637902,Notre Dame,Notre Dame,1,0.5703311558219311
2015,Duke,Robert Morris,85,56,85.44801377116605,55.56185537741136,Duke,Duke,1,0.993133200087366
2015,San Diego State,St. John's (NY),76,64,65.85514211555957,61.46994218100876,San Diego State,San Diego State,1,0.6411618332518476
2015,Utah,Stephen F. Austin,57,50,65.8320840217373,61.54576816951155,Utah,Utah,1,0.6381105500677281
2015,Georgetown,Eastern Washington,84,74,78.57699158217305,69.88078799459652,Georgetown,Georgetown,1,0.7633174323857048
2015,Southern Methodist,UCLA,59,60,62.70210694445076,63.302463960933935,UCLA,UCLA,1,0.48026029843757406
2015,Iowa State,Alabama-Birmingham,59,60,73.79508633522158,65.83967639536728,Alabama-Birmingham,Iowa State,0,0.7440670325243138
2015,UCLA,Alabama-Birmingham,92,75,74.18726836011882,69.96083154410248,UCLA,UCLA,1,0.6362585608342813
2015,Iowa,Davidson,83,52,66.9772248486419,69.99115173931753,Iowa,Davidson,0,0.40187277257081466
2015,Gonzaga,North Dakota State,86,76,75.06538772258791,61.30304446527849,Gonzaga,Gonzaga,1,0.8717547295415722
2015,Duke,San Diego State,68,49,71.11724519793374,58.936344915230976,Duke,Duke,1,0.8423908831723753
2015,Utah,Georgetown,75,64,64.1758415688679,60.11498691268193,Utah,Utah,1,0.6311208164043772
2015,Iowa,Gonzaga,68,87,57.10845416443213,68.67000074345904,Gonzaga,Gonzaga,1,0.17022761013842486
2015,UCLA,Gonzaga,62,74,63.346566583388366,76.78687223475698,Gonzaga,Gonzaga,1,0.1338936454999784
2015,Duke,Gonzaga,66,52,70.45327636049807,66.87405599680984,Duke,Duke,1,0.6160457923706035
2015,Duke,Utah,63,57,70.83716922505923,61.389202795925954,Duke,Duke,1,0.7820096871806365
2015,Wisconsin,Coastal Carolina,86,72,80.53246061212467,59.633685232664334,Wisconsin,Wisconsin,1,0.9575678667416441
2015,Oregon,Oklahoma State,79,73,68.61487564154064,72.44694655947212,Oregon,Oklahoma State,0,0.37601652118463413
2015,Arkansas,Wofford,56,53,70.29069495988541,67.07006818578108,Arkansas,Arkansas,1,0.6047052992278638
2015,North Carolina,Harvard,67,65,70.00518085345084,62.667400291517424,North Carolina,North Carolina,1,0.7274140187346206
2015,Xavier,Mississippi,76,57,71.64348030130493,64.63283877481311,Xavier,Xavier,1,0.7183805996337566
2015,Baylor,Georgia State,56,57,62.633415635590836,58.80142960067384,Georgia State,Baylor,0,0.6239808226710967
2015,Xavier,Georgia State,75,67,67.28788019848457,63.605170239424666,Xavier,Xavier,1,0.6193007210164708
2015,Virginia Commonwealth,Ohio State,72,75,69.69776659124147,72.99276552406508,Ohio State,Ohio State,1,0.39293503521205375
2015,Arizona,Texas Southern,93,72,79.49746961748409,55.85482681307505,Arizona,Arizona,1,0.9743743719089052
2015,Wisconsin,Oregon,72,65,83.93259548227691,70.1412412201156,Wisconsin,Wisconsin,1,0.8722553198399858
2015,Arkansas,North Carolina,78,87,74.64515460936536,77.96410098226076,North Carolina,North Carolina,1,0.3921760674713089
2015,Wisconsin,North Carolina,79,72,77.80275948745748,68.05570205261768,Wisconsin,Wisconsin,1,0.7892030127554495
2015,Ohio State,Arizona,58,73,61.99213337526177,70.79880407611324,Arizona,Arizona,1,0.23388177824248868
2015,Xavier,Arizona,60,68,59.875945222770014,71.4760953693357,Arizona,Arizona,1,0.16942269319204928
2015,Wisconsin,Arizona,85,78,67.60393341537494,68.00184374914681,Wisconsin,Arizona,0,0.4869137373600567
2015,Kentucky,Wisconsin,64,71,66.89552412650676,66.49829601956901,Wisconsin,Kentucky,0,0.5130638339563446
2015,Duke,Wisconsin,68,63,71.9750315531461,70.16356126155144,Duke,Duke,1,0.5593645575049286
2014,Wichita State,Cal Poly,64,37,62.83737882346888,52.029160556524474,Wichita State,Wichita State,1,0.8135765005337363
2014,Kentucky,Kansas State,56,49,72.8806275843134,60.52402693565287,Kentucky,Kentucky,1,0.8458556759848976
2014,Saint Louis,North Carolina State,83,80,68.10618150569158,65.22149978613568,Saint Louis,Saint Louis,1,0.5939997949802371
2014,Louisville,Manhattan,71,64,80.97229200427412,62.58436188478723,Louisville,Louisville,1,0.9352544004797901
2014,Massachusetts,Tennessee,67,86,66.31784731717774,77.14372802710876,Tennessee,Tennessee,1,0.18603317226915195
2014,Duke,Mercer,71,78,80.53263543851257,75.29295332193325,Mercer,Duke,0,0.6671363232992977
2014,Tennessee,Mercer,83,63,75.18409744064788,70.74864194196182,Tennessee,Tennessee,1,0.6427091466238352
2014,Texas,Arizona State,87,85,73.18244804889723,75.58493355423141,Texas,Arizona State,0,0.421487952698578
2014,Michigan,Wofford,57,40,74.77310646090915,57.55782488335508,Michigan,Michigan,1,0.9221123947756101
2014,Wichita State,Kentucky,76,78,64.81193713747135,70.05857602224508,Kentucky,Kentucky,1,0.3326552595263491
2014,Wisconsin,Kentucky,73,74,68.4177081580091,67.42555521493047,Kentucky,Wisconsin,0,0.5325988875850652
2014,Connecticut,Kentucky,60,54,70.88821892129013,69.30182941478756,Connecticut,Connecticut,1,0.5520332788422061
2014,Saint Louis,Louisville,51,66,58.265059741877764,71.09568815035648,Louisville,Louisville,1,0.1450496488234846
2014,Kentucky,Louisville,74,69,66.95837318759007,70.4849779592702,Kentucky,Louisville,0,0.3856122204289898
2014,Texas,Michigan,65,79,66.84373740973395,74.84823754404604,Michigan,Michigan,1,0.25463250525537984
2014,Tennessee,Michigan,71,73,67.83802829966551,67.73565868168846,Michigan,Tennessee,0,0.5033672413494655
2014,Kentucky,Michigan,75,72,71.43309534393082,69.08653163258774,Kentucky,Kentucky,1,0.5767075111790905
2014,Florida,Albany (NY),67,55,71.35225015096192,51.39619450540515,Florida,Florida,1,0.9500568980938547
2014,Colorado,Pittsburgh,48,77,60.841225536608675,64.80101295775923,Pittsburgh,Pittsburgh,1,0.37202675820537034
2014,Florida,Pittsburgh,61,45,63.723306321132526,56.57125944558486,Florida,Florida,1,0.7223029545304147
2014,Virginia Commonwealth,Stephen F. Austin,75,77,73.87745694553828,66.76244102961962,Stephen F. Austin,Virginia Commonwealth,0,0.7212783590982095
2014,UCLA,Tulsa,76,59,77.7454852304537,66.20694838512614,UCLA,UCLA,1,0.8292914539980838
2014,Ohio State,Dayton,59,60,66.9729508507678,62.00989746310255,Dayton,Ohio State,0,0.658807554699141
2014,Florida,Dayton,62,52,67.73934737467721,57.8693058302744,Florida,Florida,1,0.792119990501067
2014,Syracuse,Western Michigan,77,53,70.15365138714937,57.499904320384644,Syracuse,Syracuse,1,0.8515998724466071
2014,New Mexico,Stanford,53,58,67.30896393338396,66.37298675067184,Stanford,New Mexico,0,0.5307569077816412
2014,Dayton,Stanford,82,72,68.20832302461527,66.61490683510056,Dayton,Dayton,1,0.5522624326628616
2014,Kansas,Eastern Kentucky,80,69,81.37390667807435,63.43295692955131,Kansas,Kansas,1,0.9304642028402994
2014,Stephen F. Austin,UCLA,60,77,66.5941808720053,75.27105819480678,UCLA,UCLA,1,0.23717445609870813
2014,Florida,UCLA,79,68,70.7876686110657,66.24566183327845,Florida,Florida,1,0.6459819647779529
2014,Dayton,Syracuse,55,53,58.569114356899604,63.6899607371588,Dayton,Syracuse,0,0.3364317964228138
2014,Stanford,Kansas,60,57,68.58289547275227,75.00450138597098,Stanford,Kansas,0,0.29823949417843
2014,Virginia,Coastal Carolina,70,59,76.4707389141627,56.34244238073602,Virginia,Virginia,1,0.951503237353549
2014,Memphis,George Washington,71,66,72.36629934370634,68.99322529932216,Memphis,Memphis,1,0.6095378894447699
2014,Cincinnati,Harvard,57,61,62.92742149877043,61.36047541222578,Harvard,Cincinnati,0,0.5513991007644411
2014,Michigan State,Delaware,93,78,85.99636852443538,72.16781010982584,Michigan State,Michigan State,1,0.8728952945525932
2014,North Carolina,Providence,79,77,72.97317884817998,75.83365383740141,North Carolina,Providence,0,0.40677442265112373
2014,Iowa State,North Carolina Central,93,75,78.39305823019606,71.33456104934461,Iowa State,Iowa State,1,0.719711024777846
2014,Connecticut,Saint Joseph's,89,81,75.30250128227117,58.02250405410314,Connecticut,Connecticut,1,0.9228868047437513
2014,Villanova,Milwaukee,73,53,83.63446692265845,58.775055830363556,Villanova,Villanova,1,0.9798028634968283
2014,Virginia,Memphis,78,60,68.16986659989131,62.600219925446524,Virginia,Virginia,1,0.6769638432300198
2014,Harvard,Michigan State,73,80,67.79616415017404,69.45538203998731,Michigan State,Michigan State,1,0.4455925023692126
2014,Virginia,Michigan State,59,61,63.69234068238211,62.376065344630135,Michigan State,Virginia,0,0.5432118815689488
2014,North Carolina,Iowa State,83,85,78.16745467344353,83.11501917088373,Iowa State,Iowa State,1,0.3416611290645882
2014,Connecticut,Villanova,77,65,71.74612675021586,68.77562123254256,Connecticut,Connecticut,1,0.5967417656922831
2014,Iowa State,Connecticut,76,81,75.78950221348737,81.73252929077998,Connecticut,Connecticut,1,0.31206300410925014
2014,Michigan State,Connecticut,54,60,66.36250378482941,74.11485543724291,Connecticut,Connecticut,1,0.26134883229043465
2014,Arizona,Weber State,68,59,76.59685653826253,58.10985609812677,Arizona,Arizona,1,0.9362805894923527
2014,Gonzaga,Oklahoma State,85,77,70.4869813488114,74.16420359175953,Gonzaga,Oklahoma State,0,0.3808716676744448
2014,Oklahoma,North Dakota State,75,80,78.40254930162408,78.01483161395262,North Dakota State,Oklahoma,0,0.5127511680103256
2014,San Diego State,New Mexico State,73,69,72.31393814234562,62.512201087243795,San Diego State,San Diego State,1,0.7905028752618449
2014,Baylor,Nebraska,74,60,66.5510957534905,60.939026895543236,Baylor,Baylor,1,0.6782185954236452
2014,Creighton,Louisiana,76,66,88.58720294165715,78.69665114707823,Creighton,Creighton,1,0.7926041298293983
2014,Oregon,Brigham Young,87,68,89.58342304286427,82.41456510522218,Oregon,Oregon,1,0.7227674854508658
2014,Wisconsin,American,75,35,69.84783554275009,46.23407037101744,Wisconsin,Wisconsin,1,0.9742319722861895
2014,Arizona,Gonzaga,84,61,70.94416450895943,59.66644421810541,Arizona,Arizona,1,0.8237793248337634
2014,North Dakota State,San Diego State,44,63,61.90042970343637,70.84748467484476,San Diego State,San Diego State,1,0.2303491209653752
2014,Arizona,San Diego State,70,64,65.52500022379007,59.95077247933703,Arizona,Arizona,1,0.6770994382792825
2014,Baylor,Creighton,85,55,71.35635392637505,70.22748082650554,Baylor,Baylor,1,0.537078890536111
2014,Oregon,Wisconsin,77,85,71.57236213802288,78.3245355585453,Wisconsin,Wisconsin,1,0.28885717688238105
2014,Baylor,Wisconsin,52,69,62.67386735403865,69.0751012968671,Wisconsin,Wisconsin,1,0.29882221348273463
2014,Arizona,Wisconsin,63,64,65.86844870273173,62.51591805328847,Wisconsin,Arizona,0,0.6088876298744275
2014,Connecticut,Florida,63,53,65.70025902125069,63.53407358897812,Connecticut,Connecticut,1,0.5708761098746314
